episodio,anime,temporada,modeloLlm,totalLinhas,falasTraduzidas,falasDoCache,tempoTotalMs,quantidadeAvisos,registradoEm,falasItalicoRemovido,falasItalicoPreservado
Mobile.Suit.Gundam.The.08th.MS.Team.S00E02_Track2.ass,[Joseki] Mobile Suit Gundam The 08th MS Team COMPLETE (1996)(BD AV1 1080p Opus)[Sub Eng],Temporada Única,aya-expanse-8b,73,70,0,22455,0,2026-08-21T16:53:47.406560700Z,,
Mobile.Suit.Gundam.The.08th.MS.Team.S01E01_Track3.ass,[Joseki] Mobile Suit Gundam The 08th MS Team COMPLETE (1996)(BD AV1 1080p Opus)[Sub Eng],Temporada Única,aya-expanse-8b,286,282,0,93403,0,2026-08-21T16:55:20.828430100Z,,
Mobile.Suit.Gundam.The.08th.MS.Team.S01E02_Track3.ass,[Joseki] Mobile Suit Gundam The 08th MS Team COMPLETE (1996)(BD AV1 1080p Opus)[Sub Eng],Temporada Única,aya-expanse-8b,267,264,0,95845,1,2026-08-21T16:56:56.696323900Z,,
Mobile.Suit.Gundam.The.08th.MS.Team.S01E03_Track3.ass,[Joseki] Mobile Suit Gundam The 08th MS Team COMPLETE (1996)(BD AV1 1080p Opus)[Sub Eng],Temporada Única,aya-expanse-8b,342,335,0,116934,4,2026-08-21T16:58:53.644985200Z,,
Mobile.Suit.Gundam.The.08th.MS.Team.S01E04_Track3.ass,[Joseki] Mobile Suit Gundam The 08th MS Team COMPLETE (1996)(BD AV1 1080p Opus)[Sub Eng],Temporada Única,aya-expanse-8b,334,328,0,116802,1,2026-08-21T17:00:50.476177900Z,,
Mobile.Suit.Gundam.The.08th.MS.Team.S01E05_Track3.ass,[Joseki] Mobile Suit Gundam The 08th MS Team COMPLETE (1996)(BD AV1 1080p Opus)[Sub Eng],Temporada Única,aya-expanse-8b,378,362,0,120454,4,2026-08-21T17:02:50.960411900Z,,
Mobile.Suit.Gundam.The.08th.MS.Team.S01E06_Track3.ass,[Joseki] Mobile Suit Gundam The 08th MS Team COMPLETE (1996)(BD AV1 1080p Opus)[Sub Eng],Temporada Única,aya-expanse-8b,304,296,0,92801,4,2026-08-21T17:04:23.777844100Z,,
Mobile.Suit.Gundam.The.08th.MS.Team.S01E07_Track3.ass,[Joseki] Mobile Suit Gundam The 08th MS Team COMPLETE (1996)(BD AV1 1080p Opus)[Sub Eng],Temporada Única,aya-expanse-8b,208,203,0,66146,0,2026-08-21T17:05:29.937655300Z,,
Mobile.Suit.Gundam.The.08th.MS.Team.S01E08_Track3.ass,[Joseki] Mobile Suit Gundam The 08th MS Team COMPLETE (1996)(BD AV1 1080p Opus)[Sub Eng],Temporada Única,aya-expanse-8b,301,301,0,106361,0,2026-08-21T17:07:16.313438600Z,,
Mobile.Suit.Gundam.The.08th.MS.Team.S01E09_Track3.ass,[Joseki] Mobile Suit Gundam The 08th MS Team COMPLETE (1996)(BD AV1 1080p Opus)[Sub Eng],Temporada Única,aya-expanse-8b,321,316,0,118007,5,2026-08-21T17:09:14.336880600Z,,
Mobile.Suit.Gundam.The.08th.MS.Team.S01E10_Track3.ass,[Joseki] Mobile Suit Gundam The 08th MS Team COMPLETE (1996)(BD AV1 1080p Opus)[Sub Eng],Temporada Única,aya-expanse-8b,262,260,0,94013,11,2026-08-21T17:10:48.364752700Z,,
Mobile.Suit.Gundam.The.08th.MS.Team.S01E11_Track3.ass,[Joseki] Mobile Suit Gundam The 08th MS Team COMPLETE (1996)(BD AV1 1080p Opus)[Sub Eng],Temporada Única,aya-expanse-8b,245,242,0,80063,2,2026-08-21T17:12:08.440040400Z,,
Mobile.Suit.Gundam.The.08th.MS.Team.S01E12_Track3.ass,[Joseki] Mobile Suit Gundam The 08th MS Team COMPLETE (1996)(BD AV1 1080p Opus)[Sub Eng],Temporada Única,aya-expanse-8b,287,281,0,92318,6,2026-08-21T17:13:40.775626100Z,,
Mobile Suit Gundam 0083 - Stardust Memory - S01E01_Track3.ass,[Joseki] Mobile Suit Gundam 0083 Stardust Memory COMPLETE (1991)(BD AV1 1080p Opus)[Sub Eng],Temporada Única,aya-expanse-8b,341,330,0,145607,2,2026-08-21T16:18:02.349267300Z,,
Mobile Suit Gundam 0083 - Stardust Memory - S01E02_5_Track3.ass,[Joseki] Mobile Suit Gundam 0083 Stardust Memory COMPLETE (1991)(BD AV1 1080p Opus)[Sub Eng],Temporada Única,aya-expanse-8b,23,19,0,10470,1,2026-08-21T16:18:12.832291700Z,,
Mobile Suit Gundam 0083 - Stardust Memory - S01E02_Track3.ass,[Joseki] Mobile Suit Gundam 0083 Stardust Memory COMPLETE (1991)(BD AV1 1080p Opus)[Sub Eng],Temporada Única,aya-expanse-8b,340,329,0,130413,2,2026-08-21T16:20:23.256595Z,,
Mobile Suit Gundam 0083 - Stardust Memory - S01E03-5_Track2.ass,[Joseki] Mobile Suit Gundam 0083 Stardust Memory COMPLETE (1991)(BD AV1 1080p Opus)[Sub Eng],Temporada Única,aya-expanse-8b,78,78,0,44818,0,2026-08-21T16:21:08.084324Z,,
Mobile Suit Gundam 0083 - Stardust Memory - S01E03_Track3.ass,[Joseki] Mobile Suit Gundam 0083 Stardust Memory COMPLETE (1991)(BD AV1 1080p Opus)[Sub Eng],Temporada Única,aya-expanse-8b,311,301,0,115827,1,2026-08-21T16:23:03.925939500Z,,
Mobile Suit Gundam 0083 - Stardust Memory - S01E04_Track3.ass,[Joseki] Mobile Suit Gundam 0083 Stardust Memory COMPLETE (1991)(BD AV1 1080p Opus)[Sub Eng],Temporada Única,aya-expanse-8b,352,340,0,140921,0,2026-08-21T16:25:24.860106700Z,,
Mobile Suit Gundam 0083 - Stardust Memory - S01E05_Track3.ass,[Joseki] Mobile Suit Gundam 0083 Stardust Memory COMPLETE (1991)(BD AV1 1080p Opus)[Sub Eng],Temporada Única,aya-expanse-8b,372,365,0,145208,1,2026-08-21T16:27:50.082520500Z,,
Mobile Suit Gundam 0083 - Stardust Memory - S01E06_Track3.ass,[Joseki] Mobile Suit Gundam 0083 Stardust Memory COMPLETE (1991)(BD AV1 1080p Opus)[Sub Eng],Temporada Única,aya-expanse-8b,285,281,0,105218,2,2026-08-21T16:29:35.313978700Z,,
Mobile Suit Gundam 0083 - Stardust Memory - S01E07_Track3.ass,[Joseki] Mobile Suit Gundam 0083 Stardust Memory COMPLETE (1991)(BD AV1 1080p Opus)[Sub Eng],Temporada Única,aya-expanse-8b,323,313,0,122929,6,2026-08-21T16:31:38.269488200Z,,
Mobile Suit Gundam 0083 - Stardust Memory - S01E08_Track3.ass,[Joseki] Mobile Suit Gundam 0083 Stardust Memory COMPLETE (1991)(BD AV1 1080p Opus)[Sub Eng],Temporada Única,aya-expanse-8b,367,359,0,134995,0,2026-08-21T16:33:53.276455700Z,,
Mobile Suit Gundam 0083 - Stardust Memory - S01E09_Track3.ass,[Joseki] Mobile Suit Gundam 0083 Stardust Memory COMPLETE (1991)(BD AV1 1080p Opus)[Sub Eng],Temporada Única,aya-expanse-8b,280,276,0,119778,0,2026-08-21T16:35:53.067178Z,,
Mobile Suit Gundam 0083 - Stardust Memory - S01E10_Track3.ass,[Joseki] Mobile Suit Gundam 0083 Stardust Memory COMPLETE (1991)(BD AV1 1080p Opus)[Sub Eng],Temporada Única,aya-expanse-8b,242,238,0,91915,0,2026-08-21T16:37:25.018846300Z,,
Mobile Suit Gundam 0083 - Stardust Memory - S01E11_Track3.ass,[Joseki] Mobile Suit Gundam 0083 Stardust Memory COMPLETE (1991)(BD AV1 1080p Opus)[Sub Eng],Temporada Única,aya-expanse-8b,301,297,0,119784,0,2026-08-21T16:39:24.816403800Z,,
Mobile Suit Gundam 0083 - Stardust Memory - S01E12_Track3.ass,[Joseki] Mobile Suit Gundam 0083 Stardust Memory COMPLETE (1991)(BD AV1 1080p Opus)[Sub Eng],Temporada Única,aya-expanse-8b,229,227,0,87316,0,2026-08-21T16:40:52.149407300Z,,
Mobile Suit Gundam 0083 - Stardust Memory - S01E13_Track3.ass,[Joseki] Mobile Suit Gundam 0083 Stardust Memory COMPLETE (1991)(BD AV1 1080p Opus)[Sub Eng],Temporada Única,aya-expanse-8b,217,209,0,74534,3,2026-08-21T16:42:06.702241800Z,,
Guilty Crown - 01_Track4.ass,[Anime Time] Guilty Crown + OVA [BD][Dual Audio][1080p][HEVC 10bit x265][Opus][Eng Sub],Temporada Única,aya-expanse-8b,188,185,0,71549,1,2026-08-21T15:39:35.613785300Z,,
Guilty Crown - 02_Track4.ass,[Anime Time] Guilty Crown + OVA [BD][Dual Audio][1080p][HEVC 10bit x265][Opus][Eng Sub],Temporada Única,aya-expanse-8b,251,250,0,109269,6,2026-08-21T15:41:24.914412600Z,,
Guilty Crown - 03_Track4.ass,[Anime Time] Guilty Crown + OVA [BD][Dual Audio][1080p][HEVC 10bit x265][Opus][Eng Sub],Temporada Única,aya-expanse-8b,330,318,0,144424,11,2026-08-21T15:43:49.358838300Z,,
Guilty Crown - 04_Track4.ass,[Anime Time] Guilty Crown + OVA [BD][Dual Audio][1080p][HEVC 10bit x265][Opus][Eng Sub],Temporada Única,aya-expanse-8b,253,250,0,109531,2,2026-08-21T15:45:38.901003200Z,,
Guilty Crown - 05_Track4.ass,[Anime Time] Guilty Crown + OVA [BD][Dual Audio][1080p][HEVC 10bit x265][Opus][Eng Sub],Temporada Única,aya-expanse-8b,252,246,0,97565,10,2026-08-21T15:47:16.478239100Z,,
Guilty Crown - 06_Track4.ass,[Anime Time] Guilty Crown + OVA [BD][Dual Audio][1080p][HEVC 10bit x265][Opus][Eng Sub],Temporada Única,aya-expanse-8b,245,241,0,94737,3,2026-08-21T15:48:51.249562500Z,,
Guilty Crown - 07_Track4.ass,[Anime Time] Guilty Crown + OVA [BD][Dual Audio][1080p][HEVC 10bit x265][Opus][Eng Sub],Temporada Única,aya-expanse-8b,293,285,0,123082,4,2026-08-21T15:50:54.354376800Z,,
Guilty Crown - 08_Track4.ass,[Anime Time] Guilty Crown + OVA [BD][Dual Audio][1080p][HEVC 10bit x265][Opus][Eng Sub],Temporada Única,aya-expanse-8b,260,258,0,96764,9,2026-08-21T15:52:31.130114200Z,,
Guilty Crown - 09_Track4.ass,[Anime Time] Guilty Crown + OVA [BD][Dual Audio][1080p][HEVC 10bit x265][Opus][Eng Sub],Temporada Única,aya-expanse-8b,236,228,0,84055,2,2026-08-21T15:53:55.203184900Z,,
Guilty Crown - 10_Track4.ass,[Anime Time] Guilty Crown + OVA [BD][Dual Audio][1080p][HEVC 10bit x265][Opus][Eng Sub],Temporada Única,aya-expanse-8b,254,240,0,81779,5,2026-08-21T15:55:17.016977400Z,,
Guilty Crown - 11_Track4.ass,[Anime Time] Guilty Crown + OVA [BD][Dual Audio][1080p][HEVC 10bit x265][Opus][Eng Sub],Temporada Única,aya-expanse-8b,255,247,0,88740,6,2026-08-21T15:56:45.769304500Z,,
Guilty Crown - 12_Track4.ass,[Anime Time] Guilty Crown + OVA [BD][Dual Audio][1080p][HEVC 10bit x265][Opus][Eng Sub],Temporada Única,aya-expanse-8b,239,231,0,82102,6,2026-08-21T15:58:07.885283900Z,,
Guilty Crown - 13_Track4.ass,[Anime Time] Guilty Crown + OVA [BD][Dual Audio][1080p][HEVC 10bit x265][Opus][Eng Sub],Temporada Única,aya-expanse-8b,326,319,0,135681,19,2026-08-21T16:00:23.587598900Z,,
Guilty Crown - 14_Track4.ass,[Anime Time] Guilty Crown + OVA [BD][Dual Audio][1080p][HEVC 10bit x265][Opus][Eng Sub],Temporada Única,aya-expanse-8b,327,318,0,129826,10,2026-08-21T16:02:33.431794300Z,,
Guilty Crown - 15_Track4.ass,[Anime Time] Guilty Crown + OVA [BD][Dual Audio][1080p][HEVC 10bit x265][Opus][Eng Sub],Temporada Única,aya-expanse-8b,274,265,0,96301,6,2026-08-21T16:04:09.751916200Z,,
Guilty Crown - 16_Track4.ass,[Anime Time] Guilty Crown + OVA [BD][Dual Audio][1080p][HEVC 10bit x265][Opus][Eng Sub],Temporada Única,aya-expanse-8b,296,291,0,121686,15,2026-08-21T16:06:11.452216200Z,,
Guilty Crown - 17_Track4.ass,[Anime Time] Guilty Crown + OVA [BD][Dual Audio][1080p][HEVC 10bit x265][Opus][Eng Sub],Temporada Única,aya-expanse-8b,230,224,0,85280,5,2026-08-21T16:07:36.757909500Z,,
Guilty Crown - 18_Track4.ass,[Anime Time] Guilty Crown + OVA [BD][Dual Audio][1080p][HEVC 10bit x265][Opus][Eng Sub],Temporada Única,aya-expanse-8b,204,193,0,59876,0,2026-08-21T16:08:36.663564Z,,
Guilty Crown - 19_Track4.ass,[Anime Time] Guilty Crown + OVA [BD][Dual Audio][1080p][HEVC 10bit x265][Opus][Eng Sub],Temporada Única,aya-expanse-8b,264,256,0,88927,6,2026-08-21T16:10:05.604299300Z,,
Guilty Crown - 20_Track4.ass,[Anime Time] Guilty Crown + OVA [BD][Dual Audio][1080p][HEVC 10bit x265][Opus][Eng Sub],Temporada Única,aya-expanse-8b,289,285,0,108698,7,2026-08-21T16:11:54.335105900Z,,
Guilty Crown - 21_Track4.ass,[Anime Time] Guilty Crown + OVA [BD][Dual Audio][1080p][HEVC 10bit x265][Opus][Eng Sub],Temporada Única,aya-expanse-8b,218,216,0,86255,5,2026-08-21T16:13:20.607768100Z,,
Guilty Crown - 22_Track4.ass,[Anime Time] Guilty Crown + OVA [BD][Dual Audio][1080p][HEVC 10bit x265][Opus][Eng Sub],Temporada Única,aya-expanse-8b,236,226,0,69623,1,2026-08-21T16:14:30.261192100Z,,
Guilty Crown OVA - 01_Track2.ass,[Anime Time] Guilty Crown + OVA [BD][Dual Audio][1080p][HEVC 10bit x265][Opus][Eng Sub],Temporada Única,aya-expanse-8b,98,97,0,38223,2,2026-08-21T16:15:08.500647800Z,,
Mobile.Suit.Gundam.ZZ.S01E01_ENG.ass,Mobile Suit Gundam ZZ,Temporada Única,aya-expanse-8b,301,295,0,96661,11,2026-08-12T12:09:43.422608Z,,
Mobile.Suit.Gundam.ZZ.S01E02_ENG.ass,Mobile Suit Gundam ZZ,Temporada Única,aya-expanse-8b,289,285,0,75794,2,2026-08-12T12:10:59.234868600Z,,
Mobile.Suit.Gundam.ZZ.S01E03_ENG.ass,Mobile Suit Gundam ZZ,Temporada Única,mistralai/mistral-nemo-instruct-2407,335,325,0,299962,5,2026-08-08T21:28:11.480663200Z,,
Mobile.Suit.Gundam.ZZ.S01E04_ENG.ass,Mobile Suit Gundam ZZ,Temporada Única,mistralai/mistral-nemo-instruct-2407,359,349,0,318844,5,2026-08-08T21:33:30.332969400Z,,
Mobile.Suit.Gundam.ZZ.S01E05_ENG.ass,Mobile Suit Gundam ZZ,Temporada Única,mistralai/mistral-nemo-instruct-2407,379,361,0,320006,7,2026-08-08T21:38:50.347409700Z,,
Mobile.Suit.Gundam.ZZ.S01E06_ENG.ass,Mobile Suit Gundam ZZ,Temporada Única,mistralai/mistral-nemo-instruct-2407,340,325,0,286053,5,2026-08-08T21:43:36.408875100Z,,
Mobile.Suit.Gundam.ZZ.S01E07_ENG.ass,Mobile Suit Gundam ZZ,Temporada Única,mistralai/mistral-nemo-instruct-2407,330,319,0,285009,6,2026-08-08T21:48:21.425720600Z,,
Mobile.Suit.Gundam.ZZ.S01E08_ENG.ass,Mobile Suit Gundam ZZ,Temporada Única,mistralai/mistral-nemo-instruct-2407,363,349,0,310506,3,2026-08-08T21:53:31.939128400Z,,
Mobile.Suit.Gundam.ZZ.S01E09_ENG.ass,Mobile Suit Gundam ZZ,Temporada Única,mistralai/mistral-nemo-instruct-2407,385,372,0,332002,0,2026-08-08T21:59:03.949689300Z,,
Mobile.Suit.Gundam.ZZ.S01E10_ENG.ass,Mobile Suit Gundam ZZ,Temporada Única,mistralai/mistral-nemo-instruct-2407,378,370,0,340144,2,2026-08-08T22:04:44.101054300Z,,
Mobile.Suit.Gundam.ZZ.S01E11_ENG.ass,Mobile Suit Gundam ZZ,Temporada Única,mistralai/mistral-nemo-instruct-2407,373,366,0,297526,6,2026-08-08T22:09:41.635123900Z,,
Mobile.Suit.Gundam.ZZ.S01E12_ENG.ass,Mobile Suit Gundam ZZ,Temporada Única,mistralai/mistral-nemo-instruct-2407,374,362,0,326840,8,2026-08-08T22:15:08.484016700Z,,
Mobile.Suit.Gundam.ZZ.S01E13_ENG.ass,Mobile Suit Gundam ZZ,Temporada Única,mistralai/mistral-nemo-instruct-2407,399,378,0,327741,5,2026-08-08T22:20:36.234646700Z,,
Mobile.Suit.Gundam.ZZ.S01E14_ENG.ass,Mobile Suit Gundam ZZ,Temporada Única,mistralai/mistral-nemo-instruct-2407,408,395,0,332851,4,2026-08-08T22:26:09.094900300Z,,
Mobile.Suit.Gundam.ZZ.S01E15_ENG.ass,Mobile Suit Gundam ZZ,Temporada Única,mistralai/mistral-nemo-instruct-2407,381,366,0,329255,7,2026-08-08T22:31:38.356300400Z,,
Mobile.Suit.Gundam.ZZ.S01E16_ENG.ass,Mobile Suit Gundam ZZ,Temporada Única,,0,0,0,0,1,2026-08-08T22:32:04.247227600Z,,
Mobile.Suit.Gundam.ZZ.S01E17_ENG.ass,Mobile Suit Gundam ZZ,Temporada Única,mistralai/mistral-nemo-instruct-2407,371,359,0,294668,3,2026-08-08T22:36:58.925109800Z,,
Mobile.Suit.Gundam.ZZ.S01E18_ENG.ass,Mobile Suit Gundam ZZ,Temporada Única,mistralai/mistral-nemo-instruct-2407,356,340,0,303170,6,2026-08-08T22:42:02.102464200Z,,
Mobile.Suit.Gundam.ZZ.S01E19_ENG.ass,Mobile Suit Gundam ZZ,Temporada Única,mistralai/mistral-nemo-instruct-2407,369,353,0,301407,3,2026-08-08T22:47:03.517910500Z,,
Mobile.Suit.Gundam.ZZ.S01E20_ENG.ass,Mobile Suit Gundam ZZ,Temporada Única,mistralai/mistral-nemo-instruct-2407,480,458,0,416911,6,2026-08-08T22:54:00.436959600Z,,
Mobile.Suit.Gundam.ZZ.S01E21_ENG.ass,Mobile Suit Gundam ZZ,Temporada Única,mistralai/mistral-nemo-instruct-2407,391,370,0,326010,7,2026-08-08T22:59:26.455685700Z,,
Mobile.Suit.Gundam.ZZ.S01E22_ENG.ass,Mobile Suit Gundam ZZ,Temporada Única,mistralai/mistral-nemo-instruct-2407,385,365,0,312088,3,2026-08-08T23:04:38.550754300Z,,
Mobile.Suit.Gundam.ZZ.S01E23_ENG.ass,Mobile Suit Gundam ZZ,Temporada Única,mistralai/mistral-nemo-instruct-2407,361,348,0,312720,4,2026-08-08T23:09:51.279887400Z,,
Mobile.Suit.Gundam.ZZ.S01E24_ENG.ass,Mobile Suit Gundam ZZ,Temporada Única,mistralai/mistral-nemo-instruct-2407,381,362,0,326371,5,2026-08-08T23:15:17.660464400Z,,
Mobile.Suit.Gundam.ZZ.S01E25_ENG.ass,Mobile Suit Gundam ZZ,Temporada Única,mistralai/mistral-nemo-instruct-2407,311,285,0,252192,2,2026-08-08T23:19:29.860230700Z,,
Mobile.Suit.Gundam.ZZ.S01E26_ENG.ass,Mobile Suit Gundam ZZ,Temporada Única,mistralai/mistral-nemo-instruct-2407,374,350,0,303728,5,2026-08-08T23:24:33.596775200Z,,
Mobile.Suit.Gundam.ZZ.S01E27_ENG.ass,Mobile Suit Gundam ZZ,Temporada Única,mistralai/mistral-nemo-instruct-2407,300,281,0,261583,3,2026-08-08T23:28:55.186760900Z,,
Mobile.Suit.Gundam.ZZ.S01E28_ENG.ass,Mobile Suit Gundam ZZ,Temporada Única,mistralai/mistral-nemo-instruct-2407,333,306,0,265939,7,2026-08-08T23:33:21.134433300Z,,
Mobile.Suit.Gundam.ZZ.S01E29_ENG.ass,Mobile Suit Gundam ZZ,Temporada Única,mistralai/mistral-nemo-instruct-2407,348,335,0,307310,7,2026-08-08T23:38:28.452899300Z,,
Mobile.Suit.Gundam.ZZ.S01E30_ENG.ass,Mobile Suit Gundam ZZ,Temporada Única,mistralai/mistral-nemo-instruct-2407,387,367,0,323751,7,2026-08-08T23:43:52.211592200Z,,
Mobile.Suit.Gundam.ZZ.S01E31_ENG.ass,Mobile Suit Gundam ZZ,Temporada Única,mistralai/mistral-nemo-instruct-2407,323,314,0,307139,12,2026-08-08T23:48:59.358376900Z,,
Mobile.Suit.Gundam.ZZ.S01E32_ENG.ass,Mobile Suit Gundam ZZ,Temporada Única,mistralai/mistral-nemo-instruct-2407,316,303,0,284590,2,2026-08-08T23:53:43.956997100Z,,
Mobile.Suit.Gundam.ZZ.S01E33_ENG.ass,Mobile Suit Gundam ZZ,Temporada Única,mistralai/mistral-nemo-instruct-2407,413,393,0,341885,4,2026-08-08T23:59:25.850320100Z,,
Mobile.Suit.Gundam.ZZ.S01E34_ENG.ass,Mobile Suit Gundam ZZ,Temporada Única,mistralai/mistral-nemo-instruct-2407,378,364,0,305879,2,2026-08-09T00:04:31.741888800Z,,
Mobile.Suit.Gundam.ZZ.S01E35_ENG.ass,Mobile Suit Gundam ZZ,Temporada Única,mistralai/mistral-nemo-instruct-2407,307,292,0,277366,5,2026-08-09T00:09:09.116802900Z,,
Mobile.Suit.Gundam.ZZ.S01E36_ENG.ass,Mobile Suit Gundam ZZ,Temporada Única,mistralai/mistral-nemo-instruct-2407,290,283,0,241859,6,2026-08-09T00:13:10.983637700Z,,
Mobile.Suit.Gundam.ZZ.S01E37_ENG.ass,Mobile Suit Gundam ZZ,Temporada Única,mistralai/mistral-nemo-instruct-2407,381,368,0,344659,5,2026-08-09T00:18:55.652894700Z,,
Mobile.Suit.Gundam.ZZ.S01E38_ENG.ass,Mobile Suit Gundam ZZ,Temporada Única,mistralai/mistral-nemo-instruct-2407,389,374,0,333677,3,2026-08-09T00:24:29.337245200Z,,
Mobile.Suit.Gundam.ZZ.S01E39_ENG.ass,Mobile Suit Gundam ZZ,Temporada Única,mistralai/mistral-nemo-instruct-2407,331,324,0,289724,2,2026-08-09T00:29:19.069692900Z,,
Mobile.Suit.Gundam.ZZ.S01E40_ENG.ass,Mobile Suit Gundam ZZ,Temporada Única,mistralai/mistral-nemo-instruct-2407,411,393,0,332584,4,2026-08-09T00:34:51.661707600Z,,
Mobile.Suit.Gundam.ZZ.S01E41_ENG.ass,Mobile Suit Gundam ZZ,Temporada Única,mistralai/mistral-nemo-instruct-2407,306,287,0,235593,4,2026-08-09T00:38:47.266239500Z,,
Mobile.Suit.Gundam.ZZ.S01E42_ENG.ass,Mobile Suit Gundam ZZ,Temporada Única,mistralai/mistral-nemo-instruct-2407,414,385,0,318996,6,2026-08-09T00:44:06.273668600Z,,
Mobile.Suit.Gundam.ZZ.S01E43_ENG.ass,Mobile Suit Gundam ZZ,Temporada Única,mistralai/mistral-nemo-instruct-2407,378,362,0,306545,3,2026-08-09T00:49:12.827739600Z,,
Mobile.Suit.Gundam.ZZ.S01E44_ENG.ass,Mobile Suit Gundam ZZ,Temporada Única,mistralai/mistral-nemo-instruct-2407,329,319,0,292407,4,2026-08-09T00:54:05.243454100Z,,
Mobile.Suit.Gundam.ZZ.S01E45_ENG.ass,Mobile Suit Gundam ZZ,Temporada Única,mistralai/mistral-nemo-instruct-2407,293,284,0,270010,3,2026-08-09T00:58:35.270754900Z,,
Mobile.Suit.Gundam.ZZ.S01E46_ENG.ass,Mobile Suit Gundam ZZ,Temporada Única,mistralai/mistral-nemo-instruct-2407,331,320,0,274617,5,2026-08-09T01:03:09.895090600Z,,
Mobile.Suit.Gundam.ZZ.S01E47_ENG.ass,Mobile Suit Gundam ZZ,Temporada Única,mistralai/mistral-nemo-instruct-2407,249,231,0,202252,4,2026-08-09T01:06:32.161108400Z,,
Mobile Suit Zeta Gundam - S01E01_Track2.ass,Mobile Suit Zeta Gundam,Temporada Única,aya-expanse-8b,207,188,0,65882,0,2026-08-21T18:14:57.608265700Z,,
Mobile Suit Zeta Gundam - S01E02_Track2.ass,Mobile Suit Zeta Gundam,Temporada Única,aya-expanse-8b,301,293,0,99146,5,2026-08-21T18:16:36.766526200Z,,
Mobile Suit Zeta Gundam - S01E03_Track2.ass,Mobile Suit Zeta Gundam,Temporada Única,aya-expanse-8b,356,351,0,124449,2,2026-08-21T18:18:41.231661200Z,,
Mobile Suit Zeta Gundam - S01E04_Track2.ass,Mobile Suit Zeta Gundam,Temporada Única,aya-expanse-8b,318,312,0,106054,3,2026-08-21T18:20:27.298580900Z,,
Mobile Suit Zeta Gundam - S01E05_Track2.ass,Mobile Suit Zeta Gundam,Temporada Única,aya-expanse-8b,309,298,0,110613,1,2026-08-21T18:22:17.931454100Z,,
Mobile Suit Zeta Gundam - S01E06_Track2.ass,Mobile Suit Zeta Gundam,Temporada Única,aya-expanse-8b,344,335,0,112538,3,2026-08-21T18:24:10.485094300Z,,
Mobile Suit Zeta Gundam - S01E07_Track2.ass,Mobile Suit Zeta Gundam,Temporada Única,aya-expanse-8b,303,300,0,113117,3,2026-08-21T18:26:03.615736300Z,,
Mobile Suit Zeta Gundam - S01E08_Track2.ass,Mobile Suit Zeta Gundam,Temporada Única,aya-expanse-8b,294,288,0,106503,2,2026-08-21T18:27:50.132582700Z,,
Mobile Suit Zeta Gundam - S01E09_Track2.ass,Mobile Suit Zeta Gundam,Temporada Única,aya-expanse-8b,349,341,0,127857,8,2026-08-21T18:29:58.005446900Z,,
Mobile Suit Zeta Gundam - S01E10_Track2.ass,Mobile Suit Zeta Gundam,Temporada Única,aya-expanse-8b,308,292,0,108343,5,2026-08-21T18:31:46.364677900Z,,
Mobile Suit Zeta Gundam - S01E11_Track2.ass,Mobile Suit Zeta Gundam,Temporada Única,aya-expanse-8b,364,353,0,117935,1,2026-08-21T18:33:44.315274100Z,,
Mobile Suit Zeta Gundam - S01E12_Track2.ass,Mobile Suit Zeta Gundam,Temporada Única,aya-expanse-8b,303,295,0,98585,1,2026-08-21T18:35:22.916489100Z,,
Mobile Suit Zeta Gundam - S01E13_Track2.ass,Mobile Suit Zeta Gundam,Temporada Única,aya-expanse-8b,349,336,0,121628,3,2026-08-21T18:37:24.576176500Z,,
Mobile Suit Zeta Gundam - S01E14_Track2.ass,Mobile Suit Zeta Gundam,Temporada Única,aya-expanse-8b,278,271,0,95050,1,2026-08-21T18:38:59.650225700Z,,
Mobile Suit Zeta Gundam - S01E15_Track2.ass,Mobile Suit Zeta Gundam,Temporada Única,aya-expanse-8b,356,344,0,120297,3,2026-08-21T18:40:59.966668600Z,,
Mobile Suit Zeta Gundam - S01E16_Track2.ass,Mobile Suit Zeta Gundam,Temporada Única,aya-expanse-8b,382,366,0,119543,3,2026-08-21T18:42:59.529800Z,,
Mobile Suit Zeta Gundam - S01E17_Track2.ass,Mobile Suit Zeta Gundam,Temporada Única,aya-expanse-8b,333,317,0,100580,2,2026-08-21T18:44:40.126114700Z,,
Mobile Suit Zeta Gundam - S01E18_Track2.ass,Mobile Suit Zeta Gundam,Temporada Única,aya-expanse-8b,386,366,0,128164,6,2026-08-21T18:46:48.303630200Z,,
Mobile Suit Zeta Gundam - S01E19_Track2.ass,Mobile Suit Zeta Gundam,Temporada Única,aya-expanse-8b,321,305,0,91908,1,2026-08-21T18:48:20.231631500Z,,
Mobile Suit Zeta Gundam - S01E20_Track2.ass,Mobile Suit Zeta Gundam,Temporada Única,aya-expanse-8b,356,334,0,110536,0,2026-08-21T18:50:10.780080400Z,,
Mobile Suit Zeta Gundam - S01E21_Track2.ass,Mobile Suit Zeta Gundam,Temporada Única,aya-expanse-8b,352,344,0,113345,3,2026-08-21T18:52:04.146929300Z,,
Mobile Suit Zeta Gundam - S01E22_Track2.ass,Mobile Suit Zeta Gundam,Temporada Única,aya-expanse-8b,377,361,0,125595,5,2026-08-21T18:54:09.766091Z,,
Mobile Suit Zeta Gundam - S01E23_Track2.ass,Mobile Suit Zeta Gundam,Temporada Única,aya-expanse-8b,382,367,0,129883,4,2026-08-21T18:56:19.664899900Z,,
Mobile Suit Zeta Gundam - S01E24_Track2.ass,Mobile Suit Zeta Gundam,Temporada Única,aya-expanse-8b,351,327,0,104501,2,2026-08-21T18:58:04.180463600Z,,
Mobile Suit Zeta Gundam - S01E25_Track2.ass,Mobile Suit Zeta Gundam,Temporada Única,aya-expanse-8b,367,352,0,122975,4,2026-08-21T19:00:07.176988200Z,,
Mobile Suit Zeta Gundam - S01E26_Track2.ass,Mobile Suit Zeta Gundam,Temporada Única,aya-expanse-8b,359,339,0,101957,2,2026-08-21T19:01:49.155138900Z,,
Mobile Suit Zeta Gundam - S01E27_Track2.ass,Mobile Suit Zeta Gundam,Temporada Única,aya-expanse-8b,378,359,0,125528,3,2026-08-21T19:03:54.697483700Z,,
Mobile Suit Zeta Gundam - S01E28_Track2.ass,Mobile Suit Zeta Gundam,Temporada Única,aya-expanse-8b,372,356,0,112632,2,2026-08-21T19:05:47.342513Z,,
Mobile Suit Zeta Gundam - S01E29_Track2.ass,Mobile Suit Zeta Gundam,Temporada Única,aya-expanse-8b,393,377,0,126420,3,2026-08-21T19:07:53.802789300Z,,
Mobile Suit Zeta Gundam - S01E30_Track2.ass,Mobile Suit Zeta Gundam,Temporada Única,aya-expanse-8b,295,281,0,87546,4,2026-08-21T19:09:21.362389100Z,,
Mobile Suit Zeta Gundam - S01E31_Track2.ass,Mobile Suit Zeta Gundam,Temporada Única,aya-expanse-8b,342,331,0,95572,0,2026-08-21T19:10:56.946806200Z,,
Mobile Suit Zeta Gundam - S01E32_Track2.ass,Mobile Suit Zeta Gundam,Temporada Única,aya-expanse-8b,347,329,0,100759,0,2026-08-21T19:12:37.721049900Z,,
Mobile Suit Zeta Gundam - S01E33_Track2.ass,Mobile Suit Zeta Gundam,Temporada Única,aya-expanse-8b,336,317,0,104383,1,2026-08-21T19:14:22.121032500Z,,
Mobile Suit Zeta Gundam - S01E34_Track2.ass,Mobile Suit Zeta Gundam,Temporada Única,aya-expanse-8b,352,337,0,102925,1,2026-08-21T19:16:05.059590800Z,,
Mobile Suit Zeta Gundam - S01E35_Track2.ass,Mobile Suit Zeta Gundam,Temporada Única,aya-expanse-8b,335,321,0,100406,2,2026-08-21T19:17:45.486905800Z,,
Mobile Suit Zeta Gundam - S01E36_Track2.ass,Mobile Suit Zeta Gundam,Temporada Única,aya-expanse-8b,314,288,0,83734,2,2026-08-21T19:19:09.242292200Z,,
Mobile Suit Zeta Gundam - S01E37_Track2.ass,Mobile Suit Zeta Gundam,Temporada Única,aya-expanse-8b,376,369,0,122988,1,2026-08-21T19:21:12.261619500Z,,
Mobile Suit Zeta Gundam - S01E38_Track2.ass,Mobile Suit Zeta Gundam,Temporada Única,aya-expanse-8b,381,359,0,117104,2,2026-08-21T19:23:09.388320500Z,,
Mobile Suit Zeta Gundam - S01E39_Track2.ass,Mobile Suit Zeta Gundam,Temporada Única,aya-expanse-8b,391,370,0,111847,1,2026-08-21T19:25:01.251445300Z,,
Mobile Suit Zeta Gundam - S01E40_Track2.ass,Mobile Suit Zeta Gundam,Temporada Única,aya-expanse-8b,378,355,0,104973,1,2026-08-21T19:26:46.238871800Z,,
Mobile Suit Zeta Gundam - S01E41_Track2.ass,Mobile Suit Zeta Gundam,Temporada Única,aya-expanse-8b,407,395,0,111187,1,2026-08-21T19:28:37.449963400Z,,
Mobile Suit Zeta Gundam - S01E42_Track2.ass,Mobile Suit Zeta Gundam,Temporada Única,aya-expanse-8b,311,292,0,93309,1,2026-08-21T19:30:10.775408300Z,,
Mobile Suit Zeta Gundam - S01E43_Track2.ass,Mobile Suit Zeta Gundam,Temporada Única,aya-expanse-8b,320,298,0,103280,3,2026-08-21T19:31:54.070865200Z,,
Mobile Suit Zeta Gundam - S01E44_Track2.ass,Mobile Suit Zeta Gundam,Temporada Única,aya-expanse-8b,373,344,0,100759,2,2026-08-21T19:33:34.859674800Z,,
Mobile Suit Zeta Gundam - S01E45_Track2.ass,Mobile Suit Zeta Gundam,Temporada Única,aya-expanse-8b,306,292,0,89202,2,2026-08-21T19:35:04.081898800Z,,
Mobile Suit Zeta Gundam - S01E46_Track2.ass,Mobile Suit Zeta Gundam,Temporada Única,aya-expanse-8b,351,325,0,95875,0,2026-08-21T19:36:39.969530200Z,,
Mobile Suit Zeta Gundam - S01E47_Track2.ass,Mobile Suit Zeta Gundam,Temporada Única,aya-expanse-8b,350,336,0,92534,3,2026-08-21T19:38:12.517623Z,,
Mobile Suit Zeta Gundam - S01E48_Track2.ass,Mobile Suit Zeta Gundam,Temporada Única,aya-expanse-8b,308,283,0,78374,4,2026-08-21T19:39:30.929404500Z,,
Mobile Suit Zeta Gundam - S01E49_Track2.ass,Mobile Suit Zeta Gundam,Temporada Única,aya-expanse-8b,286,265,0,72523,2,2026-08-21T19:40:43.465692500Z,,
Mobile Suit Zeta Gundam - S01E50_Track2.ass,Mobile Suit Zeta Gundam,Temporada Única,aya-expanse-8b,329,313,0,90279,1,2026-08-21T19:42:13.760458300Z,,
Mobile Suit Gundam Unicorn Re0096 (2016) - S01E01 - Departure 0096_Track4.ass,Mobile Suit Gundam Unicorn Re0096 (2016) [Season 1] [BD 1080p HEVC OPUS] [Dual-Audio],Temporada 1,aya-expanse-8b,219,216,0,107404,0,2026-08-21T17:32:43.737465500Z,,
Mobile Suit Gundam Unicorn Re0096 (2016) - S01E02 - First Blood_Track4.ass,Mobile Suit Gundam Unicorn Re0096 (2016) [Season 1] [BD 1080p HEVC OPUS] [Dual-Audio],Temporada 1,aya-expanse-8b,308,306,0,148460,1,2026-08-21T17:35:12.210719Z,,
Mobile Suit Gundam Unicorn Re0096 (2016) - S01E03 - They Called It Gundam_Track4.ass,Mobile Suit Gundam Unicorn Re0096 (2016) [Season 1] [BD 1080p HEVC OPUS] [Dual-Audio],Temporada 1,aya-expanse-8b,192,187,0,73776,0,2026-08-21T17:36:26.001523300Z,,
Mobile Suit Gundam Unicorn Re0096 (2016) - S01E04 - Full Frontal's Pursuit_Track4.ass,Mobile Suit Gundam Unicorn Re0096 (2016) [Season 1] [BD 1080p HEVC OPUS] [Dual-Audio],Temporada 1,aya-expanse-8b,373,371,0,157707,0,2026-08-21T17:39:03.722568700Z,,
Mobile Suit Gundam Unicorn Re0096 (2016) - S01E05 - Clash with the Red Comet_Track4.ass,Mobile Suit Gundam Unicorn Re0096 (2016) [Season 1] [BD 1080p HEVC OPUS] [Dual-Audio],Temporada 1,aya-expanse-8b,269,267,0,123535,0,2026-08-21T17:41:07.268720100Z,,
Mobile Suit Gundam Unicorn Re0096 (2016) - S01E06 - Under the Mask_Track3.ass,Mobile Suit Gundam Unicorn Re0096 (2016) [Season 1] [BD 1080p HEVC OPUS] [Dual-Audio],Temporada 1,aya-expanse-8b,293,291,0,128554,0,2026-08-21T17:43:15.841517900Z,,
Mobile Suit Gundam Unicorn Re0096 (2016) - S01E07 - The Battle of Palau_Track3.ass,Mobile Suit Gundam Unicorn Re0096 (2016) [Season 1] [BD 1080p HEVC OPUS] [Dual-Audio],Temporada 1,aya-expanse-8b,245,242,0,106433,0,2026-08-21T17:45:02.290186500Z,,
"Mobile Suit Gundam Unicorn Re0096 (2016) - S01E08 - Laplace, Where It All Began_Track3.ass",Mobile Suit Gundam Unicorn Re0096 (2016) [Season 1] [BD 1080p HEVC OPUS] [Dual-Audio],Temporada 1,aya-expanse-8b,350,348,0,172741,0,2026-08-21T17:47:55.051247600Z,,
Mobile Suit Gundam Unicorn Re0096 (2016) - S01E09 - Retribution_Track3.ass,Mobile Suit Gundam Unicorn Re0096 (2016) [Season 1] [BD 1080p HEVC OPUS] [Dual-Audio],Temporada 1,aya-expanse-8b,273,271,0,129173,0,2026-08-21T17:50:04.237658Z,,
Mobile Suit Gundam Unicorn Re0096 (2016) - S01E10 - From the Scorching Earth_Track3.ass,Mobile Suit Gundam Unicorn Re0096 (2016) [Season 1] [BD 1080p HEVC OPUS] [Dual-Audio],Temporada 1,aya-expanse-8b,249,249,0,114375,0,2026-08-21T17:51:58.625904400Z,,
Mobile Suit Gundam Unicorn Re0096 (2016) - S01E11 - Battle at Torrington_Track3.ass,Mobile Suit Gundam Unicorn Re0096 (2016) [Season 1] [BD 1080p HEVC OPUS] [Dual-Audio],Temporada 1,aya-expanse-8b,269,267,0,134988,0,2026-08-21T17:54:13.652411100Z,,
Mobile Suit Gundam Unicorn Re0096 (2016) - S01E12 - A Private War_Track4.ass,Mobile Suit Gundam Unicorn Re0096 (2016) [Season 1] [BD 1080p HEVC OPUS] [Dual-Audio],Temporada 1,aya-expanse-8b,235,233,0,97858,0,2026-08-21T17:55:51.538494400Z,,
"Mobile Suit Gundam Unicorn Re0096 (2016) - S01E13 - Banagher Links, Soldier_Track4.ass",Mobile Suit Gundam Unicorn Re0096 (2016) [Season 1] [BD 1080p HEVC OPUS] [Dual-Audio],Temporada 1,aya-expanse-8b,253,252,0,118456,0,2026-08-21T17:57:50.016128Z,,
Mobile Suit Gundam Unicorn Re0096 (2016) - S01E14 - Clash of the Two Unicorns_Track4.ass,Mobile Suit Gundam Unicorn Re0096 (2016) [Season 1] [BD 1080p HEVC OPUS] [Dual-Audio],Temporada 1,aya-expanse-8b,232,227,0,87387,0,2026-08-21T17:59:17.415892400Z,,
Mobile Suit Gundam Unicorn Re0096 (2016) - S01E15 - Waiting in Space_Track4.ass,Mobile Suit Gundam Unicorn Re0096 (2016) [Season 1] [BD 1080p HEVC OPUS] [Dual-Audio],Temporada 1,aya-expanse-8b,198,194,0,84312,0,2026-08-21T18:00:41.745088200Z,,
Mobile Suit Gundam Unicorn Re0096 (2016) - S01E16 - The Side Co-Prosperity Sphere_Track4.ass,Mobile Suit Gundam Unicorn Re0096 (2016) [Season 1] [BD 1080p HEVC OPUS] [Dual-Audio],Temporada 1,aya-expanse-8b,293,293,0,165912,0,2026-08-21T18:03:27.670994300Z,,
Mobile Suit Gundam Unicorn Re0096 (2016) - S01E17 - Nahel Argama Recaptured_Track4.ass,Mobile Suit Gundam Unicorn Re0096 (2016) [Season 1] [BD 1080p HEVC OPUS] [Dual-Audio],Temporada 1,aya-expanse-8b,290,279,0,120461,0,2026-08-21T18:05:28.145608300Z,,
Mobile Suit Gundam Unicorn Re0096 (2016) - S01E18 - Fateful Battle_Track4.ass,Mobile Suit Gundam Unicorn Re0096 (2016) [Season 1] [BD 1080p HEVC OPUS] [Dual-Audio],Temporada 1,aya-expanse-8b,201,200,0,89127,0,2026-08-21T18:06:57.283672900Z,,
Mobile Suit Gundam Unicorn Re0096 (2016) - S01E19 - Another Cosmic Glow_Track4.ass,Mobile Suit Gundam Unicorn Re0096 (2016) [Season 1] [BD 1080p HEVC OPUS] [Dual-Audio],Temporada 1,aya-expanse-8b,182,180,0,71656,0,2026-08-21T18:08:08.964256400Z,,
Mobile Suit Gundam Unicorn Re0096 (2016) - S01E20 - Laplace's Box_Track4.ass,Mobile Suit Gundam Unicorn Re0096 (2016) [Season 1] [BD 1080p HEVC OPUS] [Dual-Audio],Temporada 1,aya-expanse-8b,270,270,0,121003,0,2026-08-21T18:10:09.981136800Z,,
Mobile Suit Gundam Unicorn Re0096 (2016) - S01E21 - To the World's End_Track4.ass,Mobile Suit Gundam Unicorn Re0096 (2016) [Season 1] [BD 1080p HEVC OPUS] [Dual-Audio],Temporada 1,aya-expanse-8b,184,179,0,71585,0,2026-08-21T18:11:21.608210400Z,,
Mobile Suit Gundam Unicorn Re0096 (2016) - S01E22 - Return_Track4.ass,Mobile Suit Gundam Unicorn Re0096 (2016) [Season 1] [BD 1080p HEVC OPUS] [Dual-Audio],Temporada 1,aya-expanse-8b,265,261,0,116187,1,2026-08-21T18:13:17.809377Z,,
Mobile.Suit.Gundam.CCA_Track2.ass,[Joseki] Mobile Suit Gundam Char's Counterattack (1988)(BD AV1 Opus)[Eng Sub],Temporada Única,aya-expanse-8b,1886,1752,0,761213,12,2026-08-21T15:37:46.635034300Z,,
Mobile.Suit.Gundam.F91_Track2.ass,[Joseki] Mobile Suit Gundam F91 (1991)(BD AV1 1080p Opus)[Eng Sub],Temporada Única,aya-expanse-8b,2069,1889,0,614268,8,2026-08-21T16:52:53.217058700Z,,
[P9] Mobile Police Patlabor - Early Days - 01 (BD 1080p HEVC FLAC) [1B38296D]_Track3.ass,[P9] Mobile Police Patlabor - Early Days (BD 1080p HEVC FLAC) [Dual-Audio],Temporada Única,mistralai/mistral-nemo-instruct-2407,390,372,0,463175,2,2026-07-31T16:35:04.475696700Z,,
[P9] Mobile Police Patlabor - Early Days - 02 (BD 1080p HEVC FLAC) [FC70EA07]_Track3.ass,[P9] Mobile Police Patlabor - Early Days (BD 1080p HEVC FLAC) [Dual-Audio],Temporada Única,mistralai/mistral-nemo-instruct-2407,408,403,0,460294,3,2026-07-31T16:42:44.779727100Z,,
[P9] Mobile Police Patlabor - Early Days - 03 (BD 1080p HEVC FLAC) [328C5CF5]_Track3.ass,[P9] Mobile Police Patlabor - Early Days (BD 1080p HEVC FLAC) [Dual-Audio],Temporada Única,mistralai/mistral-nemo-instruct-2407,452,446,0,395312,2,2026-07-31T16:49:20.098598600Z,,
[P9] Mobile Police Patlabor - Early Days - 04 (BD 1080p HEVC FLAC) [774BCC33]_Track3.ass,[P9] Mobile Police Patlabor - Early Days (BD 1080p HEVC FLAC) [Dual-Audio],Temporada Única,mistralai/mistral-nemo-instruct-2407,394,385,0,433672,0,2026-07-31T16:56:33.777392400Z,,
[P9] Mobile Police Patlabor - Early Days - 05 (BD 1080p HEVC FLAC) [F3846830]_Track3.ass,[P9] Mobile Police Patlabor - Early Days (BD 1080p HEVC FLAC) [Dual-Audio],Temporada Única,mistralai/mistral-nemo-instruct-2407,342,338,0,392465,3,2026-07-31T17:03:06.249019500Z,,
[P9] Mobile Police Patlabor - Early Days - 06 (BD 1080p HEVC FLAC) [7435FC5E]_Track3.ass,[P9] Mobile Police Patlabor - Early Days (BD 1080p HEVC FLAC) [Dual-Audio],Temporada Única,mistralai/mistral-nemo-instruct-2407,411,404,0,480766,4,2026-07-31T17:11:07.025525300Z,,
[P9] Mobile Police Patlabor - Early Days - 07 (BD 1080p HEVC FLAC) [5D187EE1]_Track3.ass,[P9] Mobile Police Patlabor - Early Days (BD 1080p HEVC FLAC) [Dual-Audio],Temporada Única,mistralai/mistral-nemo-instruct-2407,255,248,0,287137,2,2026-07-31T17:15:54.170080100Z,,
[Sav1or] Memories - S01E01 - Magnetic Rose [BD][1080p][AV1][OPUS][Multi Dual Audio]_Track4.ass,Memories (1995),Temporada Única,mistralai/mistral-nemo-instruct-2407,492,471,0,380452,0,2026-08-03T00:28:35.958660Z,,
[Sav1or] Memories - S01E02 - Stink Bomb [BD][1080p][AV1][OPUS][Multi Dual Audio]_Track4.ass,Memories (1995),Temporada Única,mistralai/mistral-nemo-instruct-2407,415,402,0,359712,1,2026-08-03T00:34:35.680752900Z,,
[Sav1or] Memories - S01E03 - Cannon Fodder [BD][1080p][AV1][OPUS][Dual Audio]_Track4.ass,Memories (1995),Temporada Única,mistralai/mistral-nemo-instruct-2407,187,170,0,148547,0,2026-08-03T00:37:04.236580Z,,
[DB]86 Part 2_-_01_(Dual Audio_10bit_BD1080p_x265)_Track6.ass,86 Part 2,Temporada Única,aya-expanse-8b,299,294,0,127876,0,2026-08-22T16:43:23.140092900Z,0,0
[DB]86 Part 2_-_02_(Dual Audio_10bit_BD1080p_x265)_Track6.ass,86 Part 2,Temporada Única,aya-expanse-8b,337,332,0,127244,0,2026-08-22T16:45:30.397358300Z,0,0
[DB]86 Part 2_-_03_(Dual Audio_10bit_BD1080p_x265)_Track6.ass,86 Part 2,Temporada Única,aya-expanse-8b,338,322,0,117318,2,2026-08-22T16:47:27.740316900Z,0,0
[DB]86 Part 2_-_04_(Dual Audio_10bit_BD1080p_x265)_Track6.ass,86 Part 2,Temporada Única,aya-expanse-8b,343,339,0,147860,0,2026-08-22T16:49:55.614906800Z,0,0
[DB]86 Part 2_-_05_(Dual Audio_10bit_BD1080p_x265)_Track6.ass,86 Part 2,Temporada Única,aya-expanse-8b,247,242,0,98530,0,2026-08-22T16:51:34.160023600Z,0,0
[DB]86 Part 2_-_06_(Dual Audio_10bit_BD1080p_x265)_Track6.ass,86 Part 2,Temporada Única,aya-expanse-8b,308,301,0,125052,0,2026-08-22T16:53:39.227057800Z,0,0
[DB]86 Part 2_-_07_(Dual Audio_10bit_BD1080p_x265)_Track6.ass,86 Part 2,Temporada Única,aya-expanse-8b,341,329,0,129181,0,2026-08-22T16:55:48.422481900Z,0,0
[DB]86 Part 2_-_08_(Dual Audio_10bit_BD1080p_x265)_Track6.ass,86 Part 2,Temporada Única,aya-expanse-8b,297,279,0,115376,3,2026-08-22T16:57:43.822822500Z,0,0
[DB]86 Part 2_-_09_(Dual Audio_10bit_BD1080p_x265)_Track6.ass,86 Part 2,Temporada Única,aya-expanse-8b,322,320,0,130610,0,2026-08-22T16:59:54.448085300Z,0,0
[DB]86 Part 2_-_10_(Dual Audio_10bit_BD1080p_x265)_Track6.ass,86 Part 2,Temporada Única,aya-expanse-8b,243,215,0,65325,0,2026-08-22T17:00:59.788029600Z,0,0
[DB]86 Part 2_-_11_(Dual Audio_10bit_BD1080p_x265)_Track6.ass,86 Part 2,Temporada Única,aya-expanse-8b,309,280,0,85534,0,2026-08-22T17:02:25.336751900Z,0,0
[DB]86 Part 2_-_12_(Dual Audio_10bit_BD1080p_x265)_Track6.ass,86 Part 2,Temporada Única,aya-expanse-8b,297,278,0,93869,4,2026-08-22T17:03:59.223814900Z,0,0
[DB]86_-_01_(Dual Audio_10bit_BD1080p_x265)_Track6.ass,86 Part 1,Temporada Única,aya-expanse-8b,313,308,0,166770,0,2026-08-22T16:19:15.945134700Z,0,0
[DB]86_-_02_(Dual Audio_10bit_BD1080p_x265)_Track6.ass,86 Part 1,Temporada Única,aya-expanse-8b,320,309,0,158200,0,2026-08-22T16:21:54.180977Z,0,0
[DB]86_-_03_(Dual Audio_10bit_BD1080p_x265)_Track6.ass,86 Part 1,Temporada Única,aya-expanse-8b,420,403,0,177659,0,2026-08-22T16:24:51.862842700Z,0,0
[DB]86_-_04_(Dual Audio_10bit_BD1080p_x265)_Track6.ass,86 Part 1,Temporada Única,aya-expanse-8b,360,354,0,153555,3,2026-08-22T16:27:25.430398300Z,0,0
[DB]86_-_05_(Dual Audio_10bit_BD1080p_x265)_Track6.ass,86 Part 1,Temporada Única,aya-expanse-8b,335,315,0,127561,1,2026-08-22T16:29:33.011588Z,0,0
[DB]86_-_06_(Dual Audio_10bit_BD1080p_x265)_Track6.ass,86 Part 1,Temporada Única,aya-expanse-8b,360,351,0,142346,0,2026-08-22T16:31:55.372781600Z,0,0
[DB]86_-_07_(Dual Audio_10bit_BD1080p_x265)_Track6.ass,86 Part 1,Temporada Única,aya-expanse-8b,297,288,0,123682,3,2026-08-22T16:33:59.068914500Z,0,0
[DB]86_-_08_(Dual Audio_10bit_BD1080p_x265)_Track6.ass,86 Part 1,Temporada Única,aya-expanse-8b,326,315,0,130086,1,2026-08-22T16:36:09.169149100Z,0,0
[DB]86_-_09_(Dual Audio_10bit_BD1080p_x265)_Track6.ass,86 Part 1,Temporada Única,aya-expanse-8b,288,275,0,99251,2,2026-08-22T16:37:48.434074500Z,0,0
[DB]86_-_10_(Dual Audio_10bit_BD1080p_x265)_Track6.ass,86 Part 1,Temporada Única,aya-expanse-8b,283,276,0,100576,0,2026-08-22T16:39:29.025543400Z,0,0
[DB]86_-_11_(Dual Audio_10bit_BD1080p_x265)_Track6.ass,86 Part 1,Temporada Única,aya-expanse-8b,272,257,0,92879,2,2026-08-22T16:41:01.918248200Z,0,0
[Lulu] Break Blade - 01 [BD 1080p Hi10 FLAC][Dual-Audio]_Track4.ass,[Lulu] Break Blade Movies [BD 1080p Hi10 FLAC][Dual-Audio],Temporada Única,mistralai/mistral-nemo-instruct-2407,3,3,0,6479,0,2026-08-06T03:49:32.170914500Z,,
[Lulu] Break Blade - 02 [BD 1080p Hi10 FLAC][Dual-Audio]_Track4.ass,[Lulu] Break Blade Movies [BD 1080p Hi10 FLAC][Dual-Audio],Temporada Única,mistralai/mistral-nemo-instruct-2407,3,3,0,13035,0,2026-08-06T03:49:45.219434Z,,
[Lulu] Break Blade - 03 [BD 1080p Hi10 FLAC][Dual-Audio]_Track4.ass,[Lulu] Break Blade Movies [BD 1080p Hi10 FLAC][Dual-Audio],Temporada Única,mistralai/mistral-nemo-instruct-2407,3,3,0,9035,2,2026-08-06T03:49:54.260050600Z,,
[Lulu] Break Blade - 04 [BD 1080p Hi10 FLAC][Dual-Audio]_Track4.ass,[Lulu] Break Blade Movies [BD 1080p Hi10 FLAC][Dual-Audio],Temporada Única,mistralai/mistral-nemo-instruct-2407,3,3,0,5362,1,2026-08-06T03:49:59.628171900Z,,
[Lulu] Break Blade - 05 [BD 1080p Hi10 FLAC][Dual-Audio]_Track4.ass,[Lulu] Break Blade Movies [BD 1080p Hi10 FLAC][Dual-Audio],Temporada Única,mistralai/mistral-nemo-instruct-2407,3,3,0,6698,1,2026-08-06T03:50:06.333343700Z,,
[Lulu] Break Blade - 06 [BD 1080p Hi10 FLAC][Dual-Audio]_Track4.ass,[Lulu] Break Blade Movies [BD 1080p Hi10 FLAC][Dual-Audio],Temporada Única,mistralai/mistral-nemo-instruct-2407,1,1,0,3837,1,2026-08-06T03:50:10.179457100Z,,
Mobile.Suit.Gundam.0080.War.in.the.Pocket.S01E01_Track2.ass,[Joseki] Mobile Suit Gundam 0080 War in the Pocket COMPLETE (1989)(BD AV1 1080p Opus)[Sub Eng],Temporada Única,aya-expanse-8b,236,220,0,128346,5,2026-08-21T15:10:25.211088300Z,,
Mobile.Suit.Gundam.0080.War.in.the.Pocket.S01E02_Track2.ass,[Joseki] Mobile Suit Gundam 0080 War in the Pocket COMPLETE (1989)(BD AV1 1080p Opus)[Sub Eng],Temporada Única,aya-expanse-8b,240,233,0,130101,5,2026-08-21T15:12:35.328584800Z,,
Mobile.Suit.Gundam.0080.War.in.the.Pocket.S01E03_Track2.ass,[Joseki] Mobile Suit Gundam 0080 War in the Pocket COMPLETE (1989)(BD AV1 1080p Opus)[Sub Eng],Temporada Única,aya-expanse-8b,305,305,0,160597,2,2026-08-21T15:15:15.938428800Z,,
Mobile.Suit.Gundam.0080.War.in.the.Pocket.S01E04_Track2.ass,[Joseki] Mobile Suit Gundam 0080 War in the Pocket COMPLETE (1989)(BD AV1 1080p Opus)[Sub Eng],Temporada Única,aya-expanse-8b,278,274,0,150150,5,2026-08-21T15:17:46.116310600Z,,
Mobile.Suit.Gundam.0080.War.in.the.Pocket.S01E05_Track2.ass,[Joseki] Mobile Suit Gundam 0080 War in the Pocket COMPLETE (1989)(BD AV1 1080p Opus)[Sub Eng],Temporada Única,aya-expanse-8b,328,317,0,155476,2,2026-08-21T15:20:21.606954800Z,,
Mobile.Suit.Gundam.0080.War.in.the.Pocket.S01E06_Track2.ass,[Joseki] Mobile Suit Gundam 0080 War in the Pocket COMPLETE (1989)(BD AV1 1080p Opus)[Sub Eng],Temporada Única,aya-expanse-8b,237,232,0,113117,1,2026-08-21T15:22:14.815095500Z,,
[Sokudo] DanMachi - S00E01 Dungeon ni Deai wo Motomeru no wa Machigatteiru Darou ka - OVA [1080p BD][AV1][dual audio]_Track3.ass,[Sokudo] DanMachi,Temporada Única,mistralai/mistral-nemo-instruct-2407,412,396,0,452769,15,2026-08-07T02:43:20.804922600Z,,
[Sokudo] DanMachi - S00E02 Arrow of the Orion [1080p BD][AV1][dual audio]_Track3.ass,[Sokudo] DanMachi,Temporada Única,mistralai/mistral-nemo-instruct-2407,1113,1042,0,1160692,27,2026-08-07T03:02:41.510563500Z,,
[Sokudo] DanMachi - S00E04 OVA [1080p BD][AV1][dual audio]_Track3.ass,[Sokudo] DanMachi,Temporada Única,mistralai/mistral-nemo-instruct-2407,471,437,0,494440,14,2026-08-07T03:10:55.964834Z,,
[Lulu] Break Blade - 01 [BD 1080p Hi10 FLAC][Dual-Audio]_Track3.ass,Break Blade 1,Temporada Única,mistralai/mistral-nemo-instruct-2407,583,0,548,3706,1,2026-08-07T15:33:41.974033Z,,
[Lulu] Break Blade - 02 [BD 1080p Hi10 FLAC][Dual-Audio]_Track3.ass,Break Blade 2,Temporada Única,mistralai/mistral-nemo-instruct-2407,573,4,549,5048,0,2026-08-07T15:34:02.464398600Z,,
[Lulu] Break Blade - 03 [BD 1080p Hi10 FLAC][Dual-Audio]_Track3.ass,Break Blade 3,Temporada Única,mistralai/mistral-nemo-instruct-2407,490,0,463,4435,2,2026-08-07T15:34:21.016876Z,,
[Lulu] Break Blade - 04 [BD 1080p Hi10 FLAC][Dual-Audio]_Track3.ass,Break Blade 4,Temporada Única,mistralai/mistral-nemo-instruct-2407,528,1,515,11123,2,2026-08-07T15:34:46.835248700Z,,
[Lulu] Break Blade - 05 [BD 1080p Hi10 FLAC][Dual-Audio]_Track3.ass,Break Blade 5,Temporada Única,mistralai/mistral-nemo-instruct-2407,436,2,424,4961,1,2026-08-07T15:34:59.798776400Z,,
[Lulu] Break Blade - 06 [BD 1080p Hi10 FLAC][Dual-Audio]_Track3.ass,Break Blade 6,Temporada Única,mistralai/mistral-nemo-instruct-2407,486,1,450,2439,1,2026-08-07T15:35:16.439729Z,,
[Sokudo] DanMachi - S00E02 Arrow of the Orion [1080p BD][AV1][dual audio]_ENG.ass,DanMachi Arrow of the Orion,Temporada Única,mistralai/mistral-nemo-instruct-2407,1113,1038,0,967448,32,2026-08-07T13:30:54.464957800Z,,
[Sokudo] Dungeon ni Deai wo Motomeru no wa Machigatteiru Darou ka V - S05E01 [1080p BD AV1][Dual Audio]_ENG.ass,DanMachi Season 05,Temporada 5,mistralai/mistral-nemo-instruct-2407,400,348,46,421800,1,2026-08-07T13:37:58.766266400Z,,
[Sokudo] Dungeon ni Deai wo Motomeru no wa Machigatteiru Darou ka V - S05E02 [1080p BD AV1][Dual Audio]_ENG.ass,DanMachi Season 05,Temporada 5,mistralai/mistral-nemo-instruct-2407,398,390,0,485884,4,2026-08-07T13:46:04.680437600Z,,
[Sokudo] Dungeon ni Deai wo Motomeru no wa Machigatteiru Darou ka V - S05E03 [1080p BD AV1][Dual Audio]_ENG.ass,DanMachi Season 05,Temporada 5,mistralai/mistral-nemo-instruct-2407,318,309,0,325040,2,2026-08-07T13:51:29.735939500Z,,
[Sokudo] Dungeon ni Deai wo Motomeru no wa Machigatteiru Darou ka V - S05E04 [1080p BD AV1][Dual Audio]_ENG.ass,DanMachi Season 05,Temporada 5,mistralai/mistral-nemo-instruct-2407,393,391,0,422406,1,2026-08-07T13:58:32.156256500Z,,
[Sokudo] Dungeon ni Deai wo Motomeru no wa Machigatteiru Darou ka V - S05E05 [1080p BD AV1][Dual Audio]_ENG.ass,DanMachi Season 05,Temporada 5,mistralai/mistral-nemo-instruct-2407,379,372,0,436923,7,2026-08-07T14:05:49.093982700Z,,
[Sokudo] Dungeon ni Deai wo Motomeru no wa Machigatteiru Darou ka V - S05E06 [1080p BD AV1][Dual Audio]_ENG.ass,DanMachi Season 05,Temporada 5,mistralai/mistral-nemo-instruct-2407,353,350,0,391664,1,2026-08-07T14:12:20.779269500Z,,
[Sokudo] Dungeon ni Deai wo Motomeru no wa Machigatteiru Darou ka V - S05E07 [1080p BD AV1][Dual Audio]_ENG.ass,DanMachi Season 05,Temporada 5,mistralai/mistral-nemo-instruct-2407,359,341,0,385923,4,2026-08-07T14:18:46.717318900Z,,
[Sokudo] Dungeon ni Deai wo Motomeru no wa Machigatteiru Darou ka V - S05E08 [1080p BD AV1][Dual Audio]_ENG.ass,DanMachi Season 05,Temporada 5,mistralai/mistral-nemo-instruct-2407,373,370,0,451167,6,2026-08-07T14:26:17.899130300Z,,
[Sokudo] Dungeon ni Deai wo Motomeru no wa Machigatteiru Darou ka V - S05E09 [1080p BD AV1][Dual Audio]_ENG.ass,DanMachi Season 05,Temporada 5,mistralai/mistral-nemo-instruct-2407,386,383,0,469116,3,2026-08-07T14:34:07.035965500Z,,
[Sokudo] Dungeon ni Deai wo Motomeru no wa Machigatteiru Darou ka V - S05E10 [1080p BD AV1][Dual Audio]_ENG.ass,DanMachi Season 05,Temporada 5,mistralai/mistral-nemo-instruct-2407,371,366,0,482856,0,2026-08-07T14:42:09.905449300Z,,
[Sokudo] Dungeon ni Deai wo Motomeru no wa Machigatteiru Darou ka V - S05E11 [1080p BD AV1][Dual Audio]_ENG.ass,DanMachi Season 05,Temporada 5,mistralai/mistral-nemo-instruct-2407,356,347,0,443955,2,2026-08-07T14:49:33.875148Z,,
[Sokudo] Dungeon ni Deai wo Motomeru no wa Machigatteiru Darou ka V - S05E12 [1080p BD AV1][Dual Audio]_ENG.ass,DanMachi Season 05,Temporada 5,mistralai/mistral-nemo-instruct-2407,301,296,0,356623,0,2026-08-07T14:55:30.513180800Z,,
[Sokudo] Dungeon ni Deai wo Motomeru no wa Machigatteiru Darou ka V - S05E13 [1080p BD AV1][Dual Audio]_ENG.ass,DanMachi Season 05,Temporada 5,mistralai/mistral-nemo-instruct-2407,365,361,0,433010,0,2026-08-07T15:02:43.546444100Z,,
[Sokudo] Dungeon ni Deai wo Motomeru no wa Machigatteiru Darou ka V - S05E14 [1080p BD AV1][Dual Audio]_ENG.ass,DanMachi Season 05,Temporada 5,mistralai/mistral-nemo-instruct-2407,338,331,0,418677,5,2026-08-07T15:09:42.240578Z,,
[Sokudo] Dungeon ni Deai wo Motomeru no wa Machigatteiru Darou ka V - S05E15 [1080p BD AV1][Dual Audio]_ENG.ass,DanMachi Season 05,Temporada 5,mistralai/mistral-nemo-instruct-2407,319,312,0,321715,1,2026-08-07T15:15:03.973067200Z,,
[Sokudo] DanMachi - S00E01 Dungeon ni Deai wo Motomeru no wa Machigatteiru Darou ka - OVA [1080p BD][AV1][dual audio]_ENG.ass,DanMachi Season 00,Temporada 0,mistralai/mistral-nemo-instruct-2407,412,401,0,427982,7,2026-08-07T15:22:16.722353400Z,,
[Sokudo] DanMachi - S00E04 OVA [1080p BD][AV1][dual audio]_ENG.ass,DanMachi Season 00,Temporada 0,mistralai/mistral-nemo-instruct-2407,471,440,0,480447,9,2026-08-07T15:30:17.187704300Z,,
[Sokudo] DanMachi - S00E05 Dungeon ni Deai wo Motomeru no wa Machigatteiru Darou ka III - OVA [1080p BD][AV1][dual audio]_ENG.ass,DanMachi Season 00,Temporada 0,mistralai/mistral-nemo-instruct-2407,22,20,0,7830,0,2026-08-07T15:30:25.031022300Z,,
FASE0-BASE-GC05.ass,_kronos-fase0,Temporada Única,,0,0,0,0,1,2026-08-08T00:53:13.153299100Z,,
GC05-A-BASE.ass,A-BASE,Temporada Única,mistralai/mistral-nemo-instruct-2407,252,246,0,308485,8,2026-08-08T01:40:49.449104300Z,,
GC05-B-PURO.ass,B-PURO,Temporada Única,mistralai/mistral-nemo-instruct-2407,252,246,0,255335,6,2026-08-08T01:47:59.634121800Z,,
TP-Guilty Crown - 01_Track4.ass,_retraducao-textopuro,Temporada Única,mistralai/mistral-nemo-instruct-2407,188,185,0,179354,0,2026-08-08T02:04:44.601732700Z,,
TP-Guilty Crown - 02_Track4.ass,_retraducao-textopuro,Temporada Única,mistralai/mistral-nemo-instruct-2407,251,250,0,225707,4,2026-08-08T02:08:30.354025500Z,,
TP-Guilty Crown - 03_Track4.ass,_retraducao-textopuro,Temporada Única,mistralai/mistral-nemo-instruct-2407,330,319,0,329186,9,2026-08-08T02:13:59.588935100Z,,
TP-Guilty Crown - 04_Track4.ass,_retraducao-textopuro,Temporada Única,mistralai/mistral-nemo-instruct-2407,253,250,0,255881,2,2026-08-08T02:18:15.520959300Z,,
TP-Guilty Crown - 05_Track4.ass,_retraducao-textopuro,Temporada Única,mistralai/mistral-nemo-instruct-2407,252,246,0,236564,7,2026-08-08T02:22:12.136120200Z,,
TP-Guilty Crown - 06_Track4.ass,_retraducao-textopuro,Temporada Única,mistralai/mistral-nemo-instruct-2407,245,241,0,215754,2,2026-08-08T02:25:47.944926200Z,,
TP-Guilty Crown - 07_Track4.ass,_retraducao-textopuro,Temporada Única,mistralai/mistral-nemo-instruct-2407,293,284,0,277520,5,2026-08-08T02:30:25.514822700Z,,
TP-Guilty Crown - 08_Track4.ass,_retraducao-textopuro,Temporada Única,mistralai/mistral-nemo-instruct-2407,260,258,0,252509,9,2026-08-08T02:34:38.071506500Z,,
TP-Guilty Crown - 09_Track4.ass,_retraducao-textopuro,Temporada Única,mistralai/mistral-nemo-instruct-2407,236,228,0,214989,2,2026-08-08T02:38:13.112983700Z,,
TP-Guilty Crown - 10_Track4.ass,_retraducao-textopuro,Temporada Única,mistralai/mistral-nemo-instruct-2407,254,241,0,205619,2,2026-08-08T02:41:38.779716Z,,
TP-Guilty Crown - 11_Track4.ass,_retraducao-textopuro,Temporada Única,mistralai/mistral-nemo-instruct-2407,255,247,0,211835,3,2026-08-08T02:45:10.668880100Z,,
TP-Guilty Crown - 12_Track4.ass,_retraducao-textopuro,Temporada Única,mistralai/mistral-nemo-instruct-2407,239,231,0,208118,6,2026-08-08T02:48:38.834489600Z,,
TP-Guilty Crown - 13_Track4.ass,_retraducao-textopuro,Temporada Única,mistralai/mistral-nemo-instruct-2407,326,319,0,299675,16,2026-08-08T02:53:38.565557500Z,,
TP-Guilty Crown - 14_Track4.ass,_retraducao-textopuro,Temporada Única,mistralai/mistral-nemo-instruct-2407,327,318,0,340106,7,2026-08-08T02:59:18.727245Z,,
TP-Guilty Crown - 15_Track4.ass,_retraducao-textopuro,Temporada Única,mistralai/mistral-nemo-instruct-2407,274,265,0,242679,6,2026-08-08T03:03:21.455867Z,,
TP-Guilty Crown - 16_Track4.ass,_retraducao-textopuro,Temporada Única,mistralai/mistral-nemo-instruct-2407,296,291,0,285206,10,2026-08-08T03:08:06.712619900Z,,
TP-Guilty Crown - 17_Track4.ass,_retraducao-textopuro,Temporada Única,mistralai/mistral-nemo-instruct-2407,230,224,0,209187,4,2026-08-08T03:11:35.965945100Z,,
TP-Guilty Crown - 18_Track4.ass,_retraducao-textopuro,Temporada Única,mistralai/mistral-nemo-instruct-2407,204,193,0,157894,0,2026-08-08T03:14:13.908000400Z,,
TP-Guilty Crown - 19_Track4.ass,_retraducao-textopuro,Temporada Única,mistralai/mistral-nemo-instruct-2407,264,255,0,229786,5,2026-08-08T03:18:03.750924800Z,,
TP-Guilty Crown - 20_Track4.ass,_retraducao-textopuro,Temporada Única,mistralai/mistral-nemo-instruct-2407,289,287,0,261400,2,2026-08-08T03:22:25.205255Z,,
TP-Guilty Crown - 21_Track4.ass,_retraducao-textopuro,Temporada Única,mistralai/mistral-nemo-instruct-2407,218,216,0,209437,4,2026-08-08T03:25:54.694553200Z,,
TP-Guilty Crown - 22_Track4.ass,_retraducao-textopuro,Temporada Única,mistralai/mistral-nemo-instruct-2407,236,226,0,189545,0,2026-08-08T03:29:04.285690Z,,
TP-Guilty Crown OVA - 01_Track2.ass,_retraducao-textopuro,Temporada Única,mistralai/mistral-nemo-instruct-2407,98,97,0,116432,1,2026-08-08T03:31:00.752376300Z,,
Mobile.Suit.Gundam.The.08th.MS.Team.S00E02_Track2_PT-BR.ass,[Joseki] Mobile Suit Gundam The 08th MS Team COMPLETE (1996)(BD AV1 1080p Opus)[Sub Eng],Temporada Única,mistralai/mistral-nemo-instruct-2407,73,19,0,26319,7,2026-08-08T11:05:29.234455300Z,,
Mobile.Suit.Gundam.The.08th.MS.Team.S01E01_Track3_PT-BR.ass,[Joseki] Mobile Suit Gundam The 08th MS Team COMPLETE (1996)(BD AV1 1080p Opus)[Sub Eng],Temporada Única,mistralai/mistral-nemo-instruct-2407,286,71,0,115456,30,2026-08-08T11:07:24.765434900Z,,
Mobile.Suit.Gundam.The.08th.MS.Team.S01E02_Track3_PT-BR.ass,[Joseki] Mobile Suit Gundam The 08th MS Team COMPLETE (1996)(BD AV1 1080p Opus)[Sub Eng],Temporada Única,mistralai/mistral-nemo-instruct-2407,267,60,0,106120,30,2026-08-08T11:09:10.943380200Z,,
Mobile.Suit.Gundam.The.08th.MS.Team.S01E03_Track3_PT-BR.ass,[Joseki] Mobile Suit Gundam The 08th MS Team COMPLETE (1996)(BD AV1 1080p Opus)[Sub Eng],Temporada Única,mistralai/mistral-nemo-instruct-2407,342,79,0,114906,37,2026-08-08T11:11:05.919993300Z,,
Mobile.Suit.Gundam.The.08th.MS.Team.S01E04_Track3_PT-BR.ass,[Joseki] Mobile Suit Gundam The 08th MS Team COMPLETE (1996)(BD AV1 1080p Opus)[Sub Eng],Temporada Única,mistralai/mistral-nemo-instruct-2407,334,94,0,148643,41,2026-08-08T11:13:34.624946800Z,,
Mobile.Suit.Gundam.The.08th.MS.Team.S01E05_Track3_PT-BR.ass,[Joseki] Mobile Suit Gundam The 08th MS Team COMPLETE (1996)(BD AV1 1080p Opus)[Sub Eng],Temporada Única,mistralai/mistral-nemo-instruct-2407,378,78,0,133291,50,2026-08-08T11:15:47.974278200Z,,
Mobile.Suit.Gundam.The.08th.MS.Team.S01E06_Track3_PT-BR.ass,[Joseki] Mobile Suit Gundam The 08th MS Team COMPLETE (1996)(BD AV1 1080p Opus)[Sub Eng],Temporada Única,mistralai/mistral-nemo-instruct-2407,304,80,0,133255,40,2026-08-08T11:18:01.307793800Z,,
Mobile.Suit.Gundam.The.08th.MS.Team.S01E07_Track3_PT-BR.ass,[Joseki] Mobile Suit Gundam The 08th MS Team COMPLETE (1996)(BD AV1 1080p Opus)[Sub Eng],Temporada Única,mistralai/mistral-nemo-instruct-2407,208,55,0,81495,25,2026-08-08T11:19:22.869197600Z,,
Mobile.Suit.Gundam.The.08th.MS.Team.S01E08_Track3_PT-BR.ass,[Joseki] Mobile Suit Gundam The 08th MS Team COMPLETE (1996)(BD AV1 1080p Opus)[Sub Eng],Temporada Única,mistralai/mistral-nemo-instruct-2407,301,76,0,132913,44,2026-08-08T11:21:35.856976900Z,,
Mobile.Suit.Gundam.The.08th.MS.Team.S01E09_Track3_PT-BR.ass,[Joseki] Mobile Suit Gundam The 08th MS Team COMPLETE (1996)(BD AV1 1080p Opus)[Sub Eng],Temporada Única,mistralai/mistral-nemo-instruct-2407,321,89,0,131325,43,2026-08-08T11:23:47.252665400Z,,
Mobile.Suit.Gundam.The.08th.MS.Team.S01E10_Track3_PT-BR.ass,[Joseki] Mobile Suit Gundam The 08th MS Team COMPLETE (1996)(BD AV1 1080p Opus)[Sub Eng],Temporada Única,mistralai/mistral-nemo-instruct-2407,262,72,0,116855,32,2026-08-08T11:25:44.186389Z,,
Mobile.Suit.Gundam.The.08th.MS.Team.S01E11_Track3_PT-BR.ass,[Joseki] Mobile Suit Gundam The 08th MS Team COMPLETE (1996)(BD AV1 1080p Opus)[Sub Eng],Temporada Única,mistralai/mistral-nemo-instruct-2407,245,65,0,95911,28,2026-08-08T11:27:20.164663200Z,,
Mobile.Suit.Gundam.The.08th.MS.Team.S01E12_Track3_PT-BR.ass,[Joseki] Mobile Suit Gundam The 08th MS Team COMPLETE (1996)(BD AV1 1080p Opus)[Sub Eng],Temporada Única,mistralai/mistral-nemo-instruct-2407,287,68,0,101153,32,2026-08-08T11:29:01.365422400Z,,
Mobile.Suit.Gundam.The.08th.MS.Team.S00E02_Track2_PT-BR_PT-BR.ass,[Joseki] Mobile Suit Gundam The 08th MS Team COMPLETE (1996)(BD AV1 1080p Opus)[Sub Eng],Temporada Única,,0,0,0,0,1,2026-08-08T17:57:30.812289200Z,,
Mobile.Suit.Gundam.The.08th.MS.Team.S01E01_Track3_PT-BR_PT-BR.ass,[Joseki] Mobile Suit Gundam The 08th MS Team COMPLETE (1996)(BD AV1 1080p Opus)[Sub Eng],Temporada Única,,0,0,0,0,1,2026-08-08T17:57:30.834295700Z,,
Mobile.Suit.Gundam.The.08th.MS.Team.S01E02_Track3_PT-BR_PT-BR.ass,[Joseki] Mobile Suit Gundam The 08th MS Team COMPLETE (1996)(BD AV1 1080p Opus)[Sub Eng],Temporada Única,,0,0,0,0,1,2026-08-08T17:57:30.856293900Z,,
Mobile.Suit.Gundam.The.08th.MS.Team.S01E03_Track3_PT-BR_PT-BR.ass,[Joseki] Mobile Suit Gundam The 08th MS Team COMPLETE (1996)(BD AV1 1080p Opus)[Sub Eng],Temporada Única,,0,0,0,0,1,2026-08-08T17:57:30.883413800Z,,
Mobile.Suit.Gundam.The.08th.MS.Team.S01E04_Track3_PT-BR_PT-BR.ass,[Joseki] Mobile Suit Gundam The 08th MS Team COMPLETE (1996)(BD AV1 1080p Opus)[Sub Eng],Temporada Única,,0,0,0,0,1,2026-08-08T17:57:30.916001Z,,
Mobile.Suit.Gundam.The.08th.MS.Team.S01E05_Track3_PT-BR_PT-BR.ass,[Joseki] Mobile Suit Gundam The 08th MS Team COMPLETE (1996)(BD AV1 1080p Opus)[Sub Eng],Temporada Única,,0,0,0,0,1,2026-08-08T17:57:30.937009100Z,,
Mobile.Suit.Gundam.The.08th.MS.Team.S01E06_Track3_PT-BR_PT-BR.ass,[Joseki] Mobile Suit Gundam The 08th MS Team COMPLETE (1996)(BD AV1 1080p Opus)[Sub Eng],Temporada Única,,0,0,0,0,1,2026-08-08T17:57:30.959007500Z,,
Mobile.Suit.Gundam.The.08th.MS.Team.S01E07_Track3_PT-BR_PT-BR.ass,[Joseki] Mobile Suit Gundam The 08th MS Team COMPLETE (1996)(BD AV1 1080p Opus)[Sub Eng],Temporada Única,,0,0,0,0,1,2026-08-08T17:57:30.985493600Z,,
Mobile.Suit.Gundam.The.08th.MS.Team.S01E08_Track3_PT-BR_PT-BR.ass,[Joseki] Mobile Suit Gundam The 08th MS Team COMPLETE (1996)(BD AV1 1080p Opus)[Sub Eng],Temporada Única,,0,0,0,0,1,2026-08-08T17:57:31.011513300Z,,
Mobile.Suit.Gundam.The.08th.MS.Team.S01E09_Track3_PT-BR_PT-BR.ass,[Joseki] Mobile Suit Gundam The 08th MS Team COMPLETE (1996)(BD AV1 1080p Opus)[Sub Eng],Temporada Única,,0,0,0,0,1,2026-08-08T17:57:31.034392600Z,,
Mobile.Suit.Gundam.The.08th.MS.Team.S01E10_Track3_PT-BR_PT-BR.ass,[Joseki] Mobile Suit Gundam The 08th MS Team COMPLETE (1996)(BD AV1 1080p Opus)[Sub Eng],Temporada Única,,0,0,0,0,1,2026-08-08T17:57:31.059464700Z,,
Mobile.Suit.Gundam.The.08th.MS.Team.S01E11_Track3_PT-BR_PT-BR.ass,[Joseki] Mobile Suit Gundam The 08th MS Team COMPLETE (1996)(BD AV1 1080p Opus)[Sub Eng],Temporada Única,,0,0,0,0,1,2026-08-08T17:57:31.082258700Z,,
Mobile.Suit.Gundam.The.08th.MS.Team.S01E12_Track3_PT-BR_PT-BR.ass,[Joseki] Mobile Suit Gundam The 08th MS Team COMPLETE (1996)(BD AV1 1080p Opus)[Sub Eng],Temporada Única,,0,0,0,0,1,2026-08-08T17:57:31.107402Z,,
Mobile Suit Zeta Gundam - S01E01_Track2_PT-BR.ass,Mobile Suit Zeta Gundam,Temporada Única,mistralai/mistral-nemo-instruct-2407,207,56,0,92048,26,2026-08-11T02:09:03.142098700Z,,
Mobile Suit Zeta Gundam - S01E02_Track2_PT-BR.parcial.ass,Mobile Suit Zeta Gundam,Temporada Única,mistralai/mistral-nemo-instruct-2407,301,67,0,112734,31,2026-08-11T02:16:00.622244900Z,,
Mobile Suit Zeta Gundam - S01E03_Track2_PT-BR.parcial.ass,Mobile Suit Zeta Gundam,Temporada Única,mistralai/mistral-nemo-instruct-2407,356,103,0,170016,48,2026-08-11T02:25:20.965033Z,,
Mobile Suit Zeta Gundam - S01E04_Track2_PT-BR.ass,Mobile Suit Zeta Gundam,Temporada Única,mistralai/mistral-nemo-instruct-2407,318,80,0,152622,46,2026-08-11T02:33:22.453322100Z,,
Mobile Suit Zeta Gundam - S01E05_Track2_PT-BR.ass,Mobile Suit Zeta Gundam,Temporada Única,mistralai/mistral-nemo-instruct-2407,309,71,0,131701,40,2026-08-11T02:41:22.098244100Z,,
Mobile Suit Zeta Gundam - S01E06_Track2_PT-BR.parcial.ass,Mobile Suit Zeta Gundam,Temporada Única,mistralai/mistral-nemo-instruct-2407,344,100,0,154677,36,2026-08-11T02:50:08.307671700Z,,
Mobile Suit Zeta Gundam - S01E07_Track2_PT-BR.parcial.ass,Mobile Suit Zeta Gundam,Temporada Única,mistralai/mistral-nemo-instruct-2407,303,74,0,174459,42,2026-08-11T02:59:08.245119900Z,,
Mobile Suit Zeta Gundam - S01E08_Track2_PT-BR.parcial.ass,Mobile Suit Zeta Gundam,Temporada Única,mistralai/mistral-nemo-instruct-2407,294,78,0,143574,38,2026-08-11T03:07:33.311451900Z,,
Mobile Suit Zeta Gundam - S01E09_Track2_PT-BR.ass,Mobile Suit Zeta Gundam,Temporada Única,mistralai/mistral-nemo-instruct-2407,349,72,0,127737,41,2026-08-11T03:16:20.807483400Z,,
Mobile Suit Zeta Gundam - S01E10_Track2_PT-BR.ass,Mobile Suit Zeta Gundam,Temporada Única,mistralai/mistral-nemo-instruct-2407,308,92,0,171131,45,2026-08-11T03:24:53.059037900Z,,
Mobile Suit Zeta Gundam - S01E11_Track2_PT-BR.ass,Mobile Suit Zeta Gundam,Temporada Única,mistralai/mistral-nemo-instruct-2407,364,86,0,179212,56,2026-08-11T03:34:32.664090700Z,,
Mobile Suit Zeta Gundam - S01E12_Track2_PT-BR.ass,Mobile Suit Zeta Gundam,Temporada Única,mistralai/mistral-nemo-instruct-2407,303,78,0,145464,43,2026-08-11T03:42:09.228230900Z,,
Mobile Suit Zeta Gundam - S01E13_Track2_PT-BR.parcial.ass,Mobile Suit Zeta Gundam,Temporada Única,mistralai/mistral-nemo-instruct-2407,349,95,0,196728,47,2026-08-11T03:51:46.549029700Z,,
Mobile Suit Zeta Gundam - S01E14_Track2_PT-BR.ass,Mobile Suit Zeta Gundam,Temporada Única,mistralai/mistral-nemo-instruct-2407,278,86,0,136232,38,2026-08-11T03:58:38.148898500Z,,
Mobile Suit Zeta Gundam - S01E15_Track2_PT-BR.ass,Mobile Suit Zeta Gundam,Temporada Única,mistralai/mistral-nemo-instruct-2407,356,96,0,148755,38,2026-08-11T04:06:56.107336700Z,,
Mobile Suit Zeta Gundam - S01E16_Track2_PT-BR.ass,Mobile Suit Zeta Gundam,Temporada Única,mistralai/mistral-nemo-instruct-2407,382,104,0,150606,48,2026-08-11T04:14:56.429840400Z,,
Mobile Suit Zeta Gundam - S01E17_Track2_PT-BR.ass,Mobile Suit Zeta Gundam,Temporada Única,mistralai/mistral-nemo-instruct-2407,333,68,0,116276,48,2026-08-11T04:21:26.695899400Z,,
Mobile Suit Zeta Gundam - S01E18_Track2_PT-BR.parcial.ass,Mobile Suit Zeta Gundam,Temporada Única,mistralai/mistral-nemo-instruct-2407,386,98,0,155544,42,2026-08-11T04:29:50.986078200Z,,
Mobile Suit Zeta Gundam - S01E19_Track2_PT-BR.parcial.ass,Mobile Suit Zeta Gundam,Temporada Única,mistralai/mistral-nemo-instruct-2407,321,80,0,134350,36,2026-08-11T04:36:53.960183600Z,,
Mobile Suit Zeta Gundam - S01E20_Track2_PT-BR.ass,Mobile Suit Zeta Gundam,Temporada Única,mistralai/mistral-nemo-instruct-2407,356,99,0,129974,34,2026-08-11T04:44:32.234142100Z,,
Mobile Suit Zeta Gundam - S01E21_Track2_PT-BR.ass,Mobile Suit Zeta Gundam,Temporada Única,mistralai/mistral-nemo-instruct-2407,352,92,0,182905,49,2026-08-11T04:53:21.338015700Z,,
Mobile Suit Zeta Gundam - S01E22_Track2_PT-BR.ass,Mobile Suit Zeta Gundam,Temporada Única,mistralai/mistral-nemo-instruct-2407,377,97,0,148092,54,2026-08-11T05:01:07.719441600Z,,
Mobile Suit Zeta Gundam - S01E23_Track2_PT-BR.ass,Mobile Suit Zeta Gundam,Temporada Única,mistralai/mistral-nemo-instruct-2407,382,109,0,184324,55,2026-08-11T05:09:42.309319100Z,,
Mobile Suit Zeta Gundam - S01E24_Track2_PT-BR.ass,Mobile Suit Zeta Gundam,Temporada Única,mistralai/mistral-nemo-instruct-2407,359,106,0,134210,41,2026-08-11T05:16:22.943861300Z,,
Mobile Suit Zeta Gundam - S01E25_Track2_PT-BR.ass,Mobile Suit Zeta Gundam,Temporada Única,mistralai/mistral-nemo-instruct-2407,367,78,0,101000,30,2026-08-11T05:23:28.872851900Z,,
Mobile Suit Zeta Gundam - S01E26_Track2_PT-BR.ass,Mobile Suit Zeta Gundam,Temporada Única,mistralai/mistral-nemo-instruct-2407,359,97,0,130668,48,2026-08-11T05:30:16.376972Z,,
Mobile Suit Zeta Gundam - S01E27_Track2_PT-BR.ass,Mobile Suit Zeta Gundam,Temporada Única,mistralai/mistral-nemo-instruct-2407,378,122,0,172833,48,2026-08-11T05:38:38.043198600Z,,
Mobile Suit Zeta Gundam - S01E28_Track2_PT-BR.ass,Mobile Suit Zeta Gundam,Temporada Única,mistralai/mistral-nemo-instruct-2407,372,96,0,114632,33,2026-08-11T05:45:37.554886200Z,,
Mobile Suit Zeta Gundam - S01E29_Track2_PT-BR.parcial.ass,Mobile Suit Zeta Gundam,Temporada Única,mistralai/mistral-nemo-instruct-2407,393,90,0,165129,52,2026-08-11T05:54:25.363544200Z,,
Mobile Suit Zeta Gundam - S01E30_Track2_PT-BR.ass,Mobile Suit Zeta Gundam,Temporada Única,mistralai/mistral-nemo-instruct-2407,295,91,0,132625,43,2026-08-11T06:00:27.582737600Z,,
Mobile Suit Zeta Gundam - S01E31_Track2_PT-BR.ass,Mobile Suit Zeta Gundam,Temporada Única,mistralai/mistral-nemo-instruct-2407,342,83,0,143521,46,2026-08-11T06:08:03.420131500Z,,
Mobile Suit Zeta Gundam - S01E32_Track2_PT-BR.ass,Mobile Suit Zeta Gundam,Temporada Única,mistralai/mistral-nemo-instruct-2407,347,91,0,130604,49,2026-08-11T06:14:46.617612100Z,,
Mobile Suit Zeta Gundam - S01E33_Track2_PT-BR.ass,Mobile Suit Zeta Gundam,Temporada Única,mistralai/mistral-nemo-instruct-2407,336,104,0,127263,39,2026-08-11T06:21:22.699576700Z,,
Mobile Suit Zeta Gundam - S01E34_Track2_PT-BR.ass,Mobile Suit Zeta Gundam,Temporada Única,mistralai/mistral-nemo-instruct-2407,352,101,0,166618,42,2026-08-11T06:29:01.261618700Z,,
Mobile Suit Zeta Gundam - S01E35_Track2_PT-BR.ass,Mobile Suit Zeta Gundam,Temporada Única,mistralai/mistral-nemo-instruct-2407,335,81,0,155211,49,2026-08-11T06:36:46.488086300Z,,
Mobile Suit Zeta Gundam - S01E36_Track2_PT-BR.ass,Mobile Suit Zeta Gundam,Temporada Única,mistralai/mistral-nemo-instruct-2407,314,83,0,119831,41,2026-08-11T06:42:40.734945800Z,,
Mobile Suit Zeta Gundam - S01E37_Track2_PT-BR.ass,Mobile Suit Zeta Gundam,Temporada Única,mistralai/mistral-nemo-instruct-2407,374,93,0,160730,44,2026-08-11T06:51:26.356552600Z,,
Mobile Suit Zeta Gundam - S01E38_Track2_PT-BR.parcial.ass,Mobile Suit Zeta Gundam,Temporada Única,mistralai/mistral-nemo-instruct-2407,381,112,0,171226,47,2026-08-11T07:00:13.455527Z,,
Mobile Suit Zeta Gundam - S01E39_Track2_PT-BR.ass,Mobile Suit Zeta Gundam,Temporada Única,mistralai/mistral-nemo-instruct-2407,391,92,0,147893,47,2026-08-11T07:08:26.293718800Z,,
Mobile Suit Zeta Gundam - S01E40_Track2_PT-BR.ass,Mobile Suit Zeta Gundam,Temporada Única,mistralai/mistral-nemo-instruct-2407,378,96,0,160639,43,2026-08-11T07:16:38.981625200Z,,
Mobile Suit Zeta Gundam - S01E41_Track2_PT-BR.ass,Mobile Suit Zeta Gundam,Temporada Única,mistralai/mistral-nemo-instruct-2407,407,112,0,181785,53,2026-08-11T07:25:35.445324200Z,,
Mobile Suit Zeta Gundam - S01E42_Track2_PT-BR.ass,Mobile Suit Zeta Gundam,Temporada Única,mistralai/mistral-nemo-instruct-2407,311,86,0,130635,30,2026-08-11T07:32:46.261038Z,,
Mobile Suit Zeta Gundam - S01E43_Track2_PT-BR.ass,Mobile Suit Zeta Gundam,Temporada Única,mistralai/mistral-nemo-instruct-2407,320,95,0,174216,44,2026-08-11T07:40:57.979536600Z,,
Mobile Suit Zeta Gundam - S01E44_Track2_PT-BR.ass,Mobile Suit Zeta Gundam,Temporada Única,mistralai/mistral-nemo-instruct-2407,373,106,0,211958,61,2026-08-11T07:49:16.777966600Z,,
Mobile Suit Zeta Gundam - S01E45_Track2_PT-BR.ass,Mobile Suit Zeta Gundam,Temporada Única,mistralai/mistral-nemo-instruct-2407,306,93,0,169199,45,2026-08-11T07:56:44.303496800Z,,
Mobile Suit Zeta Gundam - S01E46_Track2_PT-BR.ass,Mobile Suit Zeta Gundam,Temporada Única,mistralai/mistral-nemo-instruct-2407,351,92,0,158505,55,2026-08-11T08:03:48.834123300Z,,
Mobile Suit Zeta Gundam - S01E47_Track2_PT-BR.ass,Mobile Suit Zeta Gundam,Temporada Única,mistralai/mistral-nemo-instruct-2407,350,90,0,154212,59,2026-08-11T08:10:48.542130100Z,,
Mobile Suit Zeta Gundam - S01E48_Track2_PT-BR.ass,Mobile Suit Zeta Gundam,Temporada Única,mistralai/mistral-nemo-instruct-2407,308,79,0,126133,37,2026-08-11T08:17:22.602389900Z,,
Mobile Suit Zeta Gundam - S01E49_Track2_PT-BR.ass,Mobile Suit Zeta Gundam,Temporada Única,mistralai/mistral-nemo-instruct-2407,286,104,0,151694,40,2026-08-11T08:23:44.194370900Z,,
Mobile Suit Zeta Gundam - S01E50_Track2_PT-BR.ass,Mobile Suit Zeta Gundam,Temporada Única,mistralai/mistral-nemo-instruct-2407,329,89,0,122335,50,2026-08-11T08:29:49.453737200Z,,
[Sokudo] Dungeon ni Deai wo Motomeru no wa Machigatteiru Darou ka - S01E01 [1080p BD][AV1][dual audio]_ENG.ass,DanMachi Season 01,Temporada 1,aya-expanse-8b,372,353,0,119954,26,2026-08-12T00:25:52.652890129Z,,
[Sokudo] Dungeon ni Deai wo Motomeru no wa Machigatteiru Darou ka - S01E02 [1080p BD][AV1][dual audio]_ENG.ass,DanMachi Season 01,Temporada 1,aya-expanse-8b,404,373,0,172050,51,2026-08-12T00:28:44.819127107Z,,
[Sokudo] Dungeon ni Deai wo Motomeru no wa Machigatteiru Darou ka - S01E03 [1080p BD][AV1][dual audio]_ENG.ass,DanMachi Season 01,Temporada 1,aya-expanse-8b,321,291,0,154344,64,2026-08-12T00:31:19.311260625Z,,
[Sav1or] Memories - S01E01 - Magnetic Rose [BD][1080p][AV1][OPUS][Multi Dual Audio]_Track5.ass,Memories (1995),Temporada Única,mistralai/mistral-nemo-instruct-2407,423,405,0,479965,2,2026-08-14T12:54:29.439560600Z,,
[Sav1or] Memories - S01E02 - Stink Bomb [BD][1080p][AV1][OPUS][Multi Dual Audio]_Track5.ass,Memories (1995),Temporada Única,,0,0,0,0,1,2026-08-14T12:59:06.533257700Z,,
[Sav1or] Memories - S01E03 - Cannon Fodder [BD][1080p][AV1][OPUS][Dual Audio]_Track5.ass,Memories (1995),Temporada Única,mistralai/mistral-nemo-instruct-2407,164,145,0,226372,2,2026-08-14T13:02:52.934601400Z,,
Mobile.Suit.Gundam.ZZ.S01E01_Track2.ass,Mobile Suit Gundam ZZ,Temporada Única,aya-expanse-8b,301,295,0,122305,10,2026-08-21T20:59:42.875382100Z,,
Mobile.Suit.Gundam.ZZ.S01E02_Track2.ass,Mobile Suit Gundam ZZ,Temporada Única,aya-expanse-8b,289,285,0,84341,1,2026-08-21T21:01:07.229695500Z,,
Mobile.Suit.Gundam.ZZ.S01E03_Track2.ass,Mobile Suit Gundam ZZ,Temporada Única,aya-expanse-8b,335,325,0,99631,4,2026-08-21T21:02:46.882108500Z,,
Mobile.Suit.Gundam.ZZ.S01E04_Track2.ass,Mobile Suit Gundam ZZ,Temporada Única,aya-expanse-8b,359,349,0,117334,5,2026-08-21T21:04:44.232080200Z,,
Mobile.Suit.Gundam.ZZ.S01E05_Track2.ass,Mobile Suit Gundam ZZ,Temporada Única,aya-expanse-8b,379,361,0,115803,4,2026-08-21T21:06:40.053615800Z,,
Mobile.Suit.Gundam.ZZ.S01E06_Track2.ass,Mobile Suit Gundam ZZ,Temporada Única,aya-expanse-8b,340,325,0,102819,3,2026-08-21T21:08:22.891973100Z,,
Mobile.Suit.Gundam.ZZ.S01E07_Track2.ass,Mobile Suit Gundam ZZ,Temporada Única,aya-expanse-8b,330,319,0,103246,1,2026-08-21T21:10:06.152358300Z,,
Mobile.Suit.Gundam.ZZ.S01E08_Track2.ass,Mobile Suit Gundam ZZ,Temporada Única,aya-expanse-8b,363,349,0,108728,4,2026-08-21T21:11:54.902191Z,,
Mobile.Suit.Gundam.ZZ.S01E09_Track2.ass,Mobile Suit Gundam ZZ,Temporada Única,aya-expanse-8b,385,372,0,118191,2,2026-08-21T21:13:53.107284400Z,,
Mobile.Suit.Gundam.ZZ.S01E10_Track2.ass,Mobile Suit Gundam ZZ,Temporada Única,aya-expanse-8b,378,370,0,112978,3,2026-08-21T21:15:46.100214Z,,
Mobile.Suit.Gundam.ZZ.S01E11_Track2.ass,Mobile Suit Gundam ZZ,Temporada Única,aya-expanse-8b,373,366,0,103321,7,2026-08-21T21:17:29.435871500Z,,
Mobile.Suit.Gundam.ZZ.S01E12_Track2.ass,Mobile Suit Gundam ZZ,Temporada Única,aya-expanse-8b,374,362,0,112016,2,2026-08-21T21:19:21.464806200Z,,
Mobile.Suit.Gundam.ZZ.S01E13_Track2.ass,Mobile Suit Gundam ZZ,Temporada Única,aya-expanse-8b,399,376,0,113405,6,2026-08-21T21:21:14.883571700Z,,
Mobile.Suit.Gundam.ZZ.S01E14_Track2.ass,Mobile Suit Gundam ZZ,Temporada Única,aya-expanse-8b,408,396,0,120441,3,2026-08-21T21:23:15.340702300Z,,
Mobile.Suit.Gundam.ZZ.S01E15_Track2.ass,Mobile Suit Gundam ZZ,Temporada Única,aya-expanse-8b,381,366,0,116039,4,2026-08-21T21:25:11.404026900Z,,
Mobile.Suit.Gundam.ZZ.S01E16_Track2.ass,Mobile Suit Gundam ZZ,Temporada Única,aya-expanse-8b,403,382,0,111299,1,2026-08-21T21:27:02.722537400Z,,
Mobile.Suit.Gundam.ZZ.S01E17_Track2.ass,Mobile Suit Gundam ZZ,Temporada Única,aya-expanse-8b,371,359,0,105409,3,2026-08-21T21:28:48.144801900Z,,
Mobile.Suit.Gundam.ZZ.S01E18_Track2.ass,Mobile Suit Gundam ZZ,Temporada Única,aya-expanse-8b,356,341,0,108236,4,2026-08-21T21:30:36.395119100Z,,
Mobile.Suit.Gundam.ZZ.S01E19_Track2.ass,Mobile Suit Gundam ZZ,Temporada Única,aya-expanse-8b,369,353,0,112378,3,2026-08-21T21:32:28.791101200Z,,
Mobile.Suit.Gundam.ZZ.S01E20_Track2.ass,Mobile Suit Gundam ZZ,Temporada Única,aya-expanse-8b,480,457,0,149003,6,2026-08-21T21:34:57.806979500Z,,
Mobile.Suit.Gundam.ZZ.S01E21_Track2.ass,Mobile Suit Gundam ZZ,Temporada Única,aya-expanse-8b,391,370,0,108868,5,2026-08-21T21:36:46.691278500Z,,
Mobile.Suit.Gundam.ZZ.S01E22_Track2.ass,Mobile Suit Gundam ZZ,Temporada Única,aya-expanse-8b,385,364,0,107252,4,2026-08-21T21:38:33.962630200Z,,
Mobile.Suit.Gundam.ZZ.S01E23_Track2.ass,Mobile Suit Gundam ZZ,Temporada Única,aya-expanse-8b,361,348,0,114450,2,2026-08-21T21:40:28.426013900Z,,
Mobile.Suit.Gundam.ZZ.S01E24_Track2.ass,Mobile Suit Gundam ZZ,Temporada Única,aya-expanse-8b,381,362,0,115680,5,2026-08-21T21:42:24.118179800Z,,
Mobile.Suit.Gundam.ZZ.S01E25_Track2.ass,Mobile Suit Gundam ZZ,Temporada Única,aya-expanse-8b,311,285,0,89884,2,2026-08-21T21:43:54.018737Z,,
Mobile.Suit.Gundam.ZZ.S01E26_Track2.ass,Mobile Suit Gundam ZZ,Temporada Única,aya-expanse-8b,374,350,0,103995,5,2026-08-21T21:45:38.031356200Z,,
Mobile.Suit.Gundam.ZZ.S01E27_Track2.ass,Mobile Suit Gundam ZZ,Temporada Única,aya-expanse-8b,300,281,0,105513,2,2026-08-21T21:47:23.557233600Z,,
Mobile.Suit.Gundam.ZZ.S01E28_Track2.ass,Mobile Suit Gundam ZZ,Temporada Única,aya-expanse-8b,333,306,0,94975,6,2026-08-21T21:48:58.543839400Z,,
Mobile.Suit.Gundam.ZZ.S01E29_Track2.ass,Mobile Suit Gundam ZZ,Temporada Única,aya-expanse-8b,348,336,0,103632,6,2026-08-21T21:50:42.188564800Z,,
Mobile.Suit.Gundam.ZZ.S01E30_Track2.ass,Mobile Suit Gundam ZZ,Temporada Única,aya-expanse-8b,387,368,0,120834,6,2026-08-21T21:52:43.052473700Z,,
Mobile.Suit.Gundam.ZZ.S01E31_Track2.ass,Mobile Suit Gundam ZZ,Temporada Única,aya-expanse-8b,323,316,0,111658,7,2026-08-21T21:54:34.724116500Z,,
Mobile.Suit.Gundam.ZZ.S01E32_Track2.ass,Mobile Suit Gundam ZZ,Temporada Única,aya-expanse-8b,316,303,0,100604,3,2026-08-21T21:56:15.356234100Z,,
Mobile.Suit.Gundam.ZZ.S01E33_Track2.ass,Mobile Suit Gundam ZZ,Temporada Única,aya-expanse-8b,413,393,0,126590,5,2026-08-21T21:58:21.982682200Z,,
Mobile.Suit.Gundam.ZZ.S01E34_Track2.ass,Mobile Suit Gundam ZZ,Temporada Única,aya-expanse-8b,378,364,0,107789,2,2026-08-21T22:00:09.786872Z,,
Mobile.Suit.Gundam.ZZ.S01E35_Track2.ass,Mobile Suit Gundam ZZ,Temporada Única,aya-expanse-8b,307,293,0,98115,7,2026-08-21T22:01:47.916179600Z,,
Mobile.Suit.Gundam.ZZ.S01E36_Track2.ass,Mobile Suit Gundam ZZ,Temporada Única,aya-expanse-8b,290,283,0,84577,3,2026-08-21T22:03:12.523842800Z,,
Mobile.Suit.Gundam.ZZ.S01E37_Track2.ass,Mobile Suit Gundam ZZ,Temporada Única,aya-expanse-8b,381,368,0,114806,5,2026-08-21T22:05:07.344179100Z,,
Mobile.Suit.Gundam.ZZ.S01E38_Track2.ass,Mobile Suit Gundam ZZ,Temporada Única,aya-expanse-8b,389,373,0,124324,6,2026-08-21T22:07:11.689339600Z,,
Mobile.Suit.Gundam.ZZ.S01E39_Track2.ass,Mobile Suit Gundam ZZ,Temporada Única,aya-expanse-8b,331,323,0,104645,4,2026-08-21T22:08:56.349116400Z,,
Mobile.Suit.Gundam.ZZ.S01E40_Track2.ass,Mobile Suit Gundam ZZ,Temporada Única,aya-expanse-8b,411,393,0,120487,3,2026-08-21T22:10:56.854824Z,,
Mobile.Suit.Gundam.ZZ.S01E41_Track2.ass,Mobile Suit Gundam ZZ,Temporada Única,aya-expanse-8b,306,287,0,86123,3,2026-08-21T22:12:22.994508300Z,,
Mobile.Suit.Gundam.ZZ.S01E42_Track2.ass,Mobile Suit Gundam ZZ,Temporada Única,aya-expanse-8b,414,386,0,109566,3,2026-08-21T22:14:12.578885800Z,,
Mobile.Suit.Gundam.ZZ.S01E43_Track2.ass,Mobile Suit Gundam ZZ,Temporada Única,aya-expanse-8b,378,362,0,106634,4,2026-08-21T22:15:59.234621700Z,,
Mobile.Suit.Gundam.ZZ.S01E44_Track2.ass,Mobile Suit Gundam ZZ,Temporada Única,aya-expanse-8b,329,319,0,100826,3,2026-08-21T22:17:40.082252100Z,,
Mobile.Suit.Gundam.ZZ.S01E45_Track2.ass,Mobile Suit Gundam ZZ,Temporada Única,aya-expanse-8b,293,284,0,98039,1,2026-08-21T22:19:18.139323Z,,
Mobile.Suit.Gundam.ZZ.S01E46_Track2.ass,Mobile Suit Gundam ZZ,Temporada Única,aya-expanse-8b,331,320,0,93723,2,2026-08-21T22:20:51.875474900Z,,
Mobile.Suit.Gundam.ZZ.S01E47_Track2.ass,Mobile Suit Gundam ZZ,Temporada Única,aya-expanse-8b,249,233,0,64936,1,2026-08-21T22:21:56.825888Z,,
Macross II - 01v2 (BDRip 1440x1080p x265 HEVC FLACx2 2.0x2)[sxales]_Track3.ass,Macross II (BDRip 1440x1080p x265 HEVC FLACx2 2.0x2)[sxales](v2),Temporada Única,aya-expanse-8b,249,245,0,102085,5,2026-08-21T17:17:13.987579Z,,
Macross II - 02v2 (BDRip 1440x1080p x265 HEVC FLAC 2.0)[sxales]_Track2.ass,Macross II (BDRip 1440x1080p x265 HEVC FLACx2 2.0x2)[sxales](v2),Temporada Única,aya-expanse-8b,228,227,0,92094,5,2026-08-21T17:18:46.095435800Z,,
Macross II - 03v2 (BDRip 1440x1080p x265 HEVC FLAC 2.0)[sxales]_Track2.ass,Macross II (BDRip 1440x1080p x265 HEVC FLACx2 2.0x2)[sxales](v2),Temporada Única,aya-expanse-8b,261,252,0,95307,0,2026-08-21T17:20:21.424282200Z,,
Macross II - 04v2 (BDRip 1440x1080p x265 HEVC FLAC 2.0)[sxales]_Track2.ass,Macross II (BDRip 1440x1080p x265 HEVC FLACx2 2.0x2)[sxales](v2),Temporada Única,aya-expanse-8b,194,190,0,78301,1,2026-08-21T17:21:39.739287Z,,
Macross II - 05v2 (BDRip 1440x1080p x265 HEVC FLAC 2.0)[sxales]_Track2.ass,Macross II (BDRip 1440x1080p x265 HEVC FLACx2 2.0x2)[sxales](v2),Temporada Única,aya-expanse-8b,208,205,0,97195,0,2026-08-21T17:23:16.954403700Z,,
Macross II - 06v2 (BDRip 1440x1080p x265 HEVC FLACx2 2.0x2)[sxales]_Track3.ass,Macross II (BDRip 1440x1080p x265 HEVC FLACx2 2.0x2)[sxales](v2),Temporada Única,aya-expanse-8b,241,231,0,86407,5,2026-08-21T17:24:43.387677200Z,,
